Workbook

Sheet Palmares
B3: Liga
B4: 2018 | C4: Juan Ramon Perez
B5: 2019 | C5: Juan Ramon Perez
B6: 2020 apertura | C6: Chema Martínez
B7: 2020 clausura | C7: Chema Martínez
B8: 2021 Apertura | C8: Chema Martínez
B9: 2021 Clausura | C9: Juan Ramon Perez | D9: Copa
B10: 2022 | C10: Juan Ramon Perez | D10: 2021 | E10: Chema Martínez
B11: 2023 | C11: Alberto Salazar | D11: 2022 | E11: Chema Martínez
B12: 2024 Apertura | C12: Jorge Santiago | D12: 2023 | E12: Alberto Salazar
B13: 2024 Clausura | C13: Jorge Santiago | D13: 2024 | E13: Chema Martínez
B14: 2025 | C14: Jorge Santiago | D14: 2025 | E14: Jorge Santiago

Sheet Semilla Liga Plata
B3: SEMILLERO LIGA PLATA
B5: Posicion | C5: FOOTGOLFER NICKNAME | D5: Etapa 1 | E5: Etapa 2 | F5: Etapa 3 | G5: Etapa 4 | H5: Etapa 5 | I5: Etapa 6 | J5: Etapa 7 | K5: Etapa 8 | L5: Etapa 9 | M5: Etapa 10 | N5: Total | O5: Maximos puntos posibles
B6: =ROW() - ROW($B$6) + 1 -> 1 | C6: Jorge Santiago Buqueras | D6: 250 | E6: =IFERROR(VLOOKUP($C6,'Etapa 2 Masculina'!$E$3:$G$100,3,FALSE),0) -> 250 | F6: =IFERROR(VLOOKUP($C6,'Etapa 3 Absoluta'!$E$3:$G$98,3,FALSE),0) -> 250 | G6: =IFERROR(VLOOKUP($C6,'Etapa 4 Absoluta'!$E$3:$G$98,3,FALSE),0) -> 230 | H6: =IFERROR(VLOOKUP($C6,'Etapa 5 Absoluta'!$E$3:$G$98,3,FALSE),0) -> 250 | I6: 0 | J6: 0 | K6: 0 | L6: 0 | M6: 0 | N6: {=SUM(LARGE(D6:M6,{1;2;3}))} -> 750
B7: =ROW() - ROW($B$6) + 1 -> 2 | C7: Olivier TRESSENS | D7: 230 | E7: =IFERROR(VLOOKUP($C7,'Etapa 2 Masculina'!$E$3:$G$100,3,FALSE),0) -> 215 | F7: =IFERROR(VLOOKUP($C7,'Etapa 3 Absoluta'!$E$3:$G$98,3,FALSE),0) -> 215 | G7: =IFERROR(VLOOKUP($C7,'Etapa 4 Absoluta'!$E$3:$G$98,3,FALSE),0) -> 170 | H7: =IFERROR(VLOOKUP($C7,'Etapa 5 Absoluta'!$E$3:$G$98,3,FALSE),0) -> 215 | I7: 0 | J7: 0 | K7: 0 | L7: 0 | M7: 0 | N7: {=SUM(LARGE(D7:M7,{1;2;3}))} -> 660
B8: =ROW() - ROW($B$6) + 1 -> 3 | C8: Alberto Salazar Fernández | D8: 215 | E8: =IFERROR(VLOOKUP($C8,'Etapa 2 Masculina'!$E$3:$G$100,3,FALSE),0) -> 0 | F8: =IFERROR(VLOOKUP($C8,'Etapa 3 Absoluta'!$E$3:$G$98,3,FALSE),0) -> 0 | G8: =IFERROR(VLOOKUP($C8,'Etapa 4 Absoluta'!$E$3:$G$98,3,FALSE),0) -> 250 | H8: =IFERROR(VLOOKUP($C8,'Etapa 5 Absoluta'!$E$3:$G$98,3,FALSE),0) -> 200 | I8: 0 | J8: 0 | K8: 0 | L8: 0 | M8: 0 | N8: {=SUM(LARGE(D8:M8,{1;2;3}))} -> 665
B9: =ROW() - ROW($B$6) + 1 -> 4 | C9: JuanRa Perez | D9: 110 | E9: =IFERROR(VLOOKUP($C9,'Etapa 2 Masculina'!$E$3:$G$100,3,FALSE),0) -> 180 | F9: =IFERROR(VLOOKUP($C9,'Etapa 3 Absoluta'!$E$3:$G$98,3,FALSE),0) -> 200 | G9: =IFERROR(VLOOKUP($C9,'Etapa 4 Absoluta'!$E$3:$G$98,3,FALSE),0) -> 215 | H9: =IFERROR(VLOOKUP($C9,'Etapa 5 Absoluta'!$E$3:$G$98,3,FALSE),0) -> 230 | I9: 0 | J9: 0 | K9: 0 | L9: 0 | M9: 0 | N9: {=SUM(LARGE(D9:M9,{1;2;3}))} -> 645
B10: =ROW() - ROW($B$6) + 1 -> 5 | C10: Chema🐗🐗 Martínez Guillamon | D10: 190 | E10: =IFERROR(VLOOKUP($C10,'Etapa 2 Masculina'!$E$3:$G$100,3,FALSE),0) -> 0 | F10: =IFERROR(VLOOKUP($C10,'Etapa 3 Absoluta'!$E$3:$G$98,3,FALSE),0) -> 230 | G10: =IFERROR(VLOOKUP($C10,'Etapa 4 Absoluta'!$E$3:$G$98,3,FALSE),0) -> 190 | H10: =IFERROR(VLOOKUP($C10,'Etapa 5 Absoluta'!$E$3:$G$98,3,FALSE),0) -> 185 | I10: 0 | J10: 0 | K10: 0 | L10: 0 | M10: 0 | N10: {=SUM(LARGE(D10:M10,{1;2;3}))} -> 610
B11: =ROW() - ROW($B$6) + 1 -> 6 | C11: Eduardo Martin Rodriguez | D11: 120 | E11: =IFERROR(VLOOKUP($C11,'Etapa 2 Masculina'!$E$3:$G$100,3,FALSE),0) -> 200 | F11: =IFERROR(VLOOKUP($C11,'Etapa 3 Absoluta'!$E$3:$G$98,3,FALSE),0) -> 185 | G11: =IFERROR(VLOOKUP($C11,'Etapa 4 Absoluta'!$E$3:$G$98,3,FALSE),0) -> 200 | H11: =IFERROR(VLOOKUP($C11,'Etapa 5 Absoluta'!$E$3:$G$98,3,FALSE),0) -> 130 | I11: 0 | J11: 0 | K11: 0 | L11: 0 | M11: 0 | N11: {=SUM(LARGE(D11:M11,{1;2;3}))} -> 585
B12: =ROW() - ROW($B$6) + 1 -> 7 | C12: Alberto Leiva cañada | D12: 95 | E12: =IFERROR(VLOOKUP($C12,'Etapa 2 Masculina'!$E$3:$G$100,3,FALSE),0) -> 120 | F12: =IFERROR(VLOOKUP($C12,'Etapa 3 Absoluta'!$E$3:$G$98,3,FALSE),0) -> 170 | G12: =IFERROR(VLOOKUP($C12,'Etapa 4 Absoluta'!$E$3:$G$98,3,FALSE),0) -> 170 | H12: =IFERROR(VLOOKUP($C12,'Etapa 5 Absoluta'!$E$3:$G$98,3,FALSE),0) -> 185 | I12: 0 | J12: 0 | K12: 0 | L12: 0 | M12: 0 | N12: {=SUM(LARGE(D12:M12,{1;2;3}))} -> 525
B13: =ROW() - ROW($B$6) + 1 -> 8 | C13: Jesús Pizarro Gonzálvez | D13: 135 | E13: =IFERROR(VLOOKUP($C13,'Etapa 2 Masculina'!$E$3:$G$100,3,FALSE),0) -> 0 | F13: =IFERROR(VLOOKUP($C13,'Etapa 3 Absoluta'!$E$3:$G$98,3,FALSE),0) -> 110 | G13: =IFERROR(VLOOKUP($C13,'Etapa 4 Absoluta'!$E$3:$G$98,3,FALSE),0) -> 120 | H13: =IFERROR(VLOOKUP($C13,'Etapa 5 Absoluta'!$E$3:$G$98,3,FALSE),0) -> 160 | I13: 0 | J13: 0 | K13: 0 | L13: 0 | M13: 0 | N13: {=SUM(LARGE(D13:M13,{1;2;3}))} -> 415
B14: =ROW() - ROW($B$6) + 1 -> 9 | C14: benito reyes gonzalez | D14: 170 | E14: =IFERROR(VLOOKUP($C14,'Etapa 2 Masculina'!$E$3:$G$100,3,FALSE),0) -> 0 | F14: =IFERROR(VLOOKUP($C14,'Etapa 3 Absoluta'!$E$3:$G$98,3,FALSE),0) -> 185 | G14: =IFERROR(VLOOKUP($C14,'Etapa 4 Absoluta'!$E$3:$G$98,3,FALSE),0) -> 105 | H14: =IFERROR(VLOOKUP($C14,'Etapa 5 Absoluta'!$E$3:$G$98,3,FALSE),0) -> 160 | I14: 0 | J14: 0 | K14: 0 | L14: 0 | M14: 0 | N14: {=SUM(LARGE(D14:M14,{1;2;3}))} -> 515
B15: =ROW() - ROW($B$6) + 1 -> 10 | C15: Alex Trallero Domec | D15: 180 | E15: =IFERROR(VLOOKUP($C15,'Etapa 2 Masculina'!$E$3:$G$100,3,FALSE),0) -> 0 | F15: =IFERROR(VLOOKUP($C15,'Etapa 3 Absoluta'!$E$3:$G$98,3,FALSE),0) -> 150 | G15: =IFERROR(VLOOKUP($C15,'Etapa 4 Absoluta'!$E$3:$G$98,3,FALSE),0) -> 105 | H15: =IFERROR(VLOOKUP($C15,'Etapa 5 Absoluta'!$E$3:$G$98,3,FALSE),0) -> 0 | I15: 0 | J15: 0 | K15: 0 | L15: 0 | M15: 0 | N15: {=SUM(LARGE(D15:M15,{1;2;3}))} -> 435
B16: =ROW() - ROW($B$6) + 1 -> 11 | C16: Xavi Leiva Cañada | D16: 0 | E16: =IFERROR(VLOOKUP($C16,'Etapa 2 Masculina'!$E$3:$G$100,3,FALSE),0) -> 190 | F16: =IFERROR(VLOOKUP($C16,'Etapa 3 Absoluta'!$E$3:$G$98,3,FALSE),0) -> 160 | G16: =IFERROR(VLOOKUP($C16,'Etapa 4 Absoluta'!$E$3:$G$98,3,FALSE),0) -> 140 | H16: =IFERROR(VLOOKUP($C16,'Etapa 5 Absoluta'!$E$3:$G$98,3,FALSE),0) -> 110 | I16: 0 | J16: 0 | K16: 0 | L16: 0 | M16: 0 | N16: {=SUM(LARGE(D16:M16,{1;2;3}))} -> 490
B17: =ROW() - ROW($B$6) + 1 -> 12 | C17: David Linares Ramos | D17: =310/2 -> 155 | E17: =IFERROR(VLOOKUP($C17,'Etapa 2 Masculina'!$E$3:$G$100,3,FALSE),0) -> 110 | F17: =IFERROR(VLOOKUP($C17,'Etapa 3 Absoluta'!$E$3:$G$98,3,FALSE),0) -> 0 | G17: =IFERROR(VLOOKUP($C17,'Etapa 4 Absoluta'!$E$3:$G$98,3,FALSE),0) -> 150 | H17: =IFERROR(VLOOKUP($C17,'Etapa 5 Absoluta'!$E$3:$G$98,3,FALSE),0) -> 130 | I17: 0 | J17: 0 | K17: 0 | L17: 0 | M17: 0 | N17: {=SUM(LARGE(D17:M17,{1;2;3}))} -> 435
B18: =ROW() - ROW($B$6) + 1 -> 13 | C18: Nicola Perra | D18: 200 | E18: =IFERROR(VLOOKUP($C18,'Etapa 2 Masculina'!$E$3:$G$100,3,FALSE),0) -> 0 | F18: =IFERROR(VLOOKUP($C18,'Etapa 3 Absoluta'!$E$3:$G$98,3,FALSE),0) -> 0 | G18: =IFERROR(VLOOKUP($C18,'Etapa 4 Absoluta'!$E$3:$G$98,3,FALSE),0) -> 0 | H18: =IFERROR(VLOOKUP($C18,'Etapa 5 Absoluta'!$E$3:$G$98,3,FALSE),0) -> 0 | I18: 0 | J18: 0 | K18: 0 | L18: 0 | M18: 0 | N18: {=SUM(LARGE(D18:M18,{1;2;3}))} -> 200
B19: =ROW() - ROW($B$6) + 1 -> 14 | C19: David Tellez Viana | D19: 0 | E19: =IFERROR(VLOOKUP($C19,'Etapa 2 Masculina'!$E$3:$G$100,3,FALSE),0) -> 80 | F19: =IFERROR(VLOOKUP($C19,'Etapa 3 Absoluta'!$E$3:$G$98,3,FALSE),0) -> 135 | G19: =IFERROR(VLOOKUP($C19,'Etapa 4 Absoluta'!$E$3:$G$98,3,FALSE),0) -> 87.5 | H19: =IFERROR(VLOOKUP($C19,'Etapa 5 Absoluta'!$E$3:$G$98,3,FALSE),0) -> 160 | I19: 0 | J19: 0 | K19: 0 | L19: 0 | M19: 0 | N19: {=SUM(LARGE(D19:M19,{1;2;3}))} -> 382.5
B20: =ROW() - ROW($B$6) + 1 -> 15 | C20: Raúl Linares Ramos | D20: 62 | E20: =IFERROR(VLOOKUP($C20,'Etapa 2 Masculina'!$E$3:$G$100,3,FALSE),0) -> 140 | F20: =IFERROR(VLOOKUP($C20,'Etapa 3 Absoluta'!$E$3:$G$98,3,FALSE),0) -> 135 | G20: =IFERROR(VLOOKUP($C20,'Etapa 4 Absoluta'!$E$3:$G$98,3,FALSE),0) -> 87.5 | H20: =IFERROR(VLOOKUP($C20,'Etapa 5 Absoluta'!$E$3:$G$98,3,FALSE),0) -> 130 | I20: 0 | J20: 0 | K20: 0 | L20: 0 | M20: 0 | N20: {=SUM(LARGE(D20:M20,{1;2;3}))} -> 405
B21: =ROW() - ROW($B$6) + 1 -> 16 | C21: Sergi Nerin Velasco | D21: 135 | E21: =IFERROR(VLOOKUP($C21,'Etapa 2 Masculina'!$E$3:$G$100,3,FALSE),0) -> 0 | F21: =IFERROR(VLOOKUP($C21,'Etapa 3 Absoluta'!$E$3:$G$98,3,FALSE),0) -> 120 | G21: =IFERROR(VLOOKUP($C21,'Etapa 4 Absoluta'!$E$3:$G$98,3,FALSE),0) -> 0 | H21: =IFERROR(VLOOKUP($C21,'Etapa 5 Absoluta'!$E$3:$G$98,3,FALSE),0) -> 0 | I21: 0 | J21: 0 | K21: 0 | L21: 0 | M21: 0 | N21: {=SUM(LARGE(D21:M21,{1;2;3}))} -> 255
B22: =ROW() - ROW($B$6) + 1 -> 17 | C22: Sergi Pahisa | D22: =IFERROR(VLOOKUP($C22,'Etapa 2 Masculina'!$E$3:$G$100,3,FALSE),0) -> 230 | E22: =IFERROR(VLOOKUP($C22,'Etapa 2 Masculina'!$E$3:$G$100,3,FALSE),0) -> 230 | F22: =IFERROR(VLOOKUP($C22,'Etapa 3 Absoluta'!$E$3:$G$98,3,FALSE),0) -> 0 | G22: =IFERROR(VLOOKUP($C22,'Etapa 4 Absoluta'!$E$3:$G$98,3,FALSE),0) -> 170 | H22: =IFERROR(VLOOKUP($C22,'Etapa 5 Absoluta'!$E$3:$G$98,3,FALSE),0) -> 92.5 | I22: 0 | J22: 0 | K22: 0 | L22: 0 | M22: 0 | N22: {=SUM(LARGE(D22:M22,{1;2;3}))} -> 630
B23: =ROW() - ROW($B$6) + 1 -> 18 | C23: Fernando Martínez Guillamón | D23: 75 | E23: =IFERROR(VLOOKUP($C23,'Etapa 2 Masculina'!$E$3:$G$100,3,FALSE),0) -> 100 | F23: =IFERROR(VLOOKUP($C23,'Etapa 3 Absoluta'!$E$3:$G$98,3,FALSE),0) -> 0 | G23: =IFERROR(VLOOKUP($C23,'Etapa 4 Absoluta'!$E$3:$G$98,3,FALSE),0) -> 95 | H23: =IFERROR(VLOOKUP($C23,'Etapa 5 Absoluta'!$E$3:$G$98,3,FALSE),0) -> 0 | I23: 0 | J23: 0 | K23: 0 | L23: 0 | M23: 0 | N23: {=SUM(LARGE(D23:M23,{1;2;3}))} -> 270
B24: =ROW() - ROW($B$6) + 1 -> 19 | C24: ivan luengo robles | E24: =IFERROR(VLOOKUP($C24,'Etapa 2 Masculina'!$E$3:$G$100,3,FALSE),0) -> 150 | F24: =IFERROR(VLOOKUP($C24,'Etapa 3 Absoluta'!$E$3:$G$98,3,FALSE),0) -> 0 | G24: =IFERROR(VLOOKUP($C24,'Etapa 4 Absoluta'!$E$3:$G$98,3,FALSE),0) -> 130 | H24: =IFERROR(VLOOKUP($C24,'Etapa 5 Absoluta'!$E$3:$G$98,3,FALSE),0) -> 92.5 | I24: 0 | J24: 0 | K24: 0 | L24: 0 | M24: 0 | N24: {=SUM(LARGE(D24:M24,{1;2;3}))} -> 372.5
B25: =ROW() - ROW($B$6) + 1 -> 20 | C25: Pau Blas Molina | D25: =310/2 -> 155 | E25: =IFERROR(VLOOKUP($C25,'Etapa 2 Masculina'!$E$3:$G$100,3,FALSE),0) -> 0 | F25: =IFERROR(VLOOKUP($C25,'Etapa 3 Absoluta'!$E$3:$G$98,3,FALSE),0) -> 0 | G25: =IFERROR(VLOOKUP($C25,'Etapa 4 Absoluta'!$E$3:$G$98,3,FALSE),0) -> 0 | H25: =IFERROR(VLOOKUP($C25,'Etapa 5 Absoluta'!$E$3:$G$98,3,FALSE),0) -> 0 | I25: 0 | J25: 0 | K25: 0 | L25: 0 | M25: 0 | N25: {=SUM(LARGE(D25:M25,{1;2;3}))} -> 155
B26: =ROW() - ROW($B$6) + 1 -> 21 | C26: Sergi Perez Vilar | D26: 0 | E26: =IFERROR(VLOOKUP($C26,'Etapa 2 Masculina'!$E$3:$G$100,3,FALSE),0) -> 0 | F26: =IFERROR(VLOOKUP($C26,'Etapa 3 Absoluta'!$E$3:$G$98,3,FALSE),0) -> 0 | G26: =IFERROR(VLOOKUP($C26,'Etapa 4 Absoluta'!$E$3:$G$98,3,FALSE),0) -> 0 | H26: =IFERROR(VLOOKUP($C26,'Etapa 5 Absoluta'!$E$3:$G$98,3,FALSE),0) -> 0 | I26: 0 | J26: 0 | K26: 0 | L26: 0 | M26: 0 | N26: {=SUM(LARGE(D26:M26,{1;2;3}))} -> 0
B27: =ROW() - ROW($B$6) + 1 -> 22 | C27: Giacomo Bonacini | D27: 58 | E27: =IFERROR(VLOOKUP($C27,'Etapa 2 Masculina'!$E$3:$G$100,3,FALSE),0) -> 70 | F27: =IFERROR(VLOOKUP($C27,'Etapa 3 Absoluta'!$E$3:$G$98,3,FALSE),0) -> 0 | G27: =IFERROR(VLOOKUP($C27,'Etapa 4 Absoluta'!$E$3:$G$98,3,FALSE),0) -> 70.333333 | H27: =IFERROR(VLOOKUP($C27,'Etapa 5 Absoluta'!$E$3:$G$98,3,FALSE),0) -> 0 | I27: 0 | J27: 0 | K27: 0 | L27: 0 | M27: 0 | N27: {=SUM(LARGE(D27:M27,{1;2;3}))} -> 198.33333
B28: =ROW() - ROW($B$6) + 1 -> 23 | C28: Mario Morón Sancho | D28: =IFERROR(VLOOKUP($C28,'Etapa 2 Masculina'!$E$3:$G$100,3,FALSE),0) -> 130 | E28: =IFERROR(VLOOKUP($C28,'Etapa 2 Masculina'!$E$3:$G$100,3,FALSE),0) -> 130 | F28: =IFERROR(VLOOKUP($C28,'Etapa 3 Absoluta'!$E$3:$G$98,3,FALSE),0) -> 0 | G28: =IFERROR(VLOOKUP($C28,'Etapa 4 Absoluta'!$E$3:$G$98,3,FALSE),0) -> 70.333333 | H28: =IFERROR(VLOOKUP($C28,'Etapa 5 Absoluta'!$E$3:$G$98,3,FALSE),0) -> 92.5 | I28: 0 | J28: 0 | K28: 0 | L28: 0 | M28: 0 | N28: {=SUM(LARGE(D28:M28,{1;2;3}))} -> 352.5
B29: =ROW() - ROW($B$6) + 1 -> 24 | C29: Marc Arrebola Sans | D29: 66 | E29: =IFERROR(VLOOKUP($C29,'Etapa 2 Masculina'!$E$3:$G$100,3,FALSE),0) -> 0 | F29: =IFERROR(VLOOKUP($C29,'Etapa 3 Absoluta'!$E$3:$G$98,3,FALSE),0) -> 0 | G29: =IFERROR(VLOOKUP($C29,'Etapa 4 Absoluta'!$E$3:$G$98,3,FALSE),0) -> 0 | H29: =IFERROR(VLOOKUP($C29,'Etapa 5 Absoluta'!$E$3:$G$98,3,FALSE),0) -> 92.5 | I29: 0 | J29: 0 | K29: 0 | L29: 0 | M29: 0 | N29: {=SUM(LARGE(D29:M29,{1;2;3}))} -> 158.5
B30: =ROW() - ROW($B$6) + 1 -> 25 | C30: Joan Torre Rodríguez | D30: 100 | E30: =IFERROR(VLOOKUP($C30,'Etapa 2 Masculina'!$E$3:$G$100,3,FALSE),0) -> 0 | F30: =IFERROR(VLOOKUP($C30,'Etapa 3 Absoluta'!$E$3:$G$98,3,FALSE),0) -> 0 | G30: =IFERROR(VLOOKUP($C30,'Etapa 4 Absoluta'!$E$3:$G$98,3,FALSE),0) -> 0 | H30: =IFERROR(VLOOKUP($C30,'Etapa 5 Absoluta'!$E$3:$G$98,3,FALSE),0) -> 0 | I30: 0 | J30: 0 | K30: 0 | L30: 0 | M30: 0 | N30: {=SUM(LARGE(D30:M30,{1;2;3}))} -> 100
B31: =ROW() - ROW($B$6) + 1 -> 26 | C31: Guillem Moya Niubó | D31: 0 | E31: =IFERROR(VLOOKUP($C31,'Etapa 2 Masculina'!$E$3:$G$100,3,FALSE),0) -> 0 | F31: =IFERROR(VLOOKUP($C31,'Etapa 3 Absoluta'!$E$3:$G$98,3,FALSE),0) -> 0 | G31: =IFERROR(VLOOKUP($C31,'Etapa 4 Absoluta'!$E$3:$G$98,3,FALSE),0) -> 62 | H31: =IFERROR(VLOOKUP($C31,'Etapa 5 Absoluta'!$E$3:$G$98,3,FALSE),0) -> 0 | I31: 0 | J31: 0 | K31: 0 | L31: 0 | M31: 0 | N31: {=SUM(LARGE(D31:M31,{1;2;3}))} -> 62
B32: =ROW() - ROW($B$6) + 1 -> 27 | C32: Marc Company Salvat | D32: =IFERROR(VLOOKUP($C32,'Etapa 2 Masculina'!$E$3:$G$100,3,FALSE),0) -> 92.5 | E32: =IFERROR(VLOOKUP($C32,'Etapa 2 Masculina'!$E$3:$G$100,3,FALSE),0) -> 92.5 | F32: =IFERROR(VLOOKUP($C32,'Etapa 3 Absoluta'!$E$3:$G$98,3,FALSE),0) -> 0 | G32: =IFERROR(VLOOKUP($C32,'Etapa 4 Absoluta'!$E$3:$G$98,3,FALSE),0) -> 70.333333 | H32: =IFERROR(VLOOKUP($C32,'Etapa 5 Absoluta'!$E$3:$G$98,3,FALSE),0) -> 80 | I32: 0 | J32: 0 | K32: 0 | L32: 0 | M32: 0 | N32: {=SUM(LARGE(D32:M32,{1;2;3}))} -> 265
B33: =ROW() - ROW($B$6) + 1 -> 28 | C33: David Gallego | D33: 80 | E33: =IFERROR(VLOOKUP($C33,'Etapa 2 Masculina'!$E$3:$G$100,3,FALSE),0) -> 0 | F33: =IFERROR(VLOOKUP($C33,'Etapa 3 Absoluta'!$E$3:$G$98,3,FALSE),0) -> 0 | G33: =IFERROR(VLOOKUP($C33,'Etapa 4 Absoluta'!$E$3:$G$98,3,FALSE),0) -> 0 | H33: =IFERROR(VLOOKUP($C33,'Etapa 5 Absoluta'!$E$3:$G$98,3,FALSE),0) -> 0 | I33: 0 | J33: 0 | K33: 0 | L33: 0 | M33: 0 | N33: {=SUM(LARGE(D33:M33,{1;2;3}))} -> 80
B34: =ROW() - ROW($B$6) + 1 -> 29 | C34: Xavier Altimira Gómez | D34: 0 | E34: =IFERROR(VLOOKUP($C34,'Etapa 2 Masculina'!$E$3:$G$100,3,FALSE),0) -> 0 | F34: =IFERROR(VLOOKUP($C34,'Etapa 3 Absoluta'!$E$3:$G$98,3,FALSE),0) -> 0 | G34: =IFERROR(VLOOKUP($C34,'Etapa 4 Absoluta'!$E$3:$G$98,3,FALSE),0) -> 0 | H34: =IFERROR(VLOOKUP($C34,'Etapa 5 Absoluta'!$E$3:$G$98,3,FALSE),0) -> 0 | I34: 0 | J34: 0 | K34: 0 | L34: 0 | M34: 0 | N34: {=SUM(LARGE(D34:M34,{1;2;3}))} -> 0
B35: =ROW() - ROW($B$6) + 1 -> 30 | C35: Albert Arrebola Sans | D35: 90 | E35: =IFERROR(VLOOKUP($C35,'Etapa 2 Masculina'!$E$3:$G$100,3,FALSE),0) -> 0 | F35: =IFERROR(VLOOKUP($C35,'Etapa 3 Absoluta'!$E$3:$G$98,3,FALSE),0) -> 0 | G35: =IFERROR(VLOOKUP($C35,'Etapa 4 Absoluta'!$E$3:$G$98,3,FALSE),0) -> 0 | H35: =IFERROR(VLOOKUP($C35,'Etapa 5 Absoluta'!$E$3:$G$98,3,FALSE),0) -> 0 | I35: 0 | J35: 0 | K35: 0 | L35: 0 | M35: 0 | N35: {=SUM(LARGE(D35:M35,{1;2;3}))} -> 90
B36: =ROW() - ROW($B$6) + 1 -> 31 | C36: adria alonso marti | D36: 85 | E36: =IFERROR(VLOOKUP($C36,'Etapa 2 Masculina'!$E$3:$G$100,3,FALSE),0) -> 0 | F36: =IFERROR(VLOOKUP($C36,'Etapa 3 Absoluta'!$E$3:$G$98,3,FALSE),0) -> 0 | G36: =IFERROR(VLOOKUP($C36,'Etapa 4 Absoluta'!$E$3:$G$98,3,FALSE),0) -> 0 | H36: =IFERROR(VLOOKUP($C36,'Etapa 5 Absoluta'!$E$3:$G$98,3,FALSE),0) -> 0 | I36: 0 | J36: 0 | K36: 0 | L36: 0 | M36: 0 | N36: {=SUM(LARGE(D36:M36,{1;2;3}))} -> 85
B37: =ROW() - ROW($B$6) + 1 -> 32 | C37: cristian debon viñas | D37: 0 | E37: =IFERROR(VLOOKUP($C37,'Etapa 2 Masculina'!$E$3:$G$100,3,FALSE),0) -> 0 | F37: =IFERROR(VLOOKUP($C37,'Etapa 3 Absoluta'!$E$3:$G$98,3,FALSE),0) -> 0 | G37: =IFERROR(VLOOKUP($C37,'Etapa 4 Absoluta'!$E$3:$G$98,3,FALSE),0) -> 0 | H37: =IFERROR(VLOOKUP($C37,'Etapa 5 Absoluta'!$E$3:$G$98,3,FALSE),0) -> 0 | I37: 0 | J37: 0 | K37: 0 | L37: 0 | M37: 0 | N37: {=SUM(LARGE(D37:M37,{1;2;3}))} -> 0
B38: =ROW() - ROW($B$6) + 1 -> 33 | C38: guillermo Beroy Álvarez | D38: 70 | E38: =IFERROR(VLOOKUP($C38,'Etapa 2 Masculina'!$E$3:$G$100,3,FALSE),0) -> 0 | F38: =IFERROR(VLOOKUP($C38,'Etapa 3 Absoluta'!$E$3:$G$98,3,FALSE),0) -> 0 | G38: =IFERROR(VLOOKUP($C38,'Etapa 4 Absoluta'!$E$3:$G$98,3,FALSE),0) -> 0 | H38: =IFERROR(VLOOKUP($C38,'Etapa 5 Absoluta'!$E$3:$G$98,3,FALSE),0) -> 0 | I38: 0 | J38: 0 | K38: 0 | L38: 0 | M38: 0 | N38: {=SUM(LARGE(D38:M38,{1;2;3}))} -> 70
B39: =ROW() - ROW($B$6) + 1 -> 34 | C39: Leandro Ezequiel Casas Di Lorenzo | D39: 0 | E39: =IFERROR(VLOOKUP($C39,'Etapa 2 Masculina'!$E$3:$G$100,3,FALSE),0) -> 0 | F39: =IFERROR(VLOOKUP($C39,'Etapa 3 Absoluta'!$E$3:$G$98,3,FALSE),0) -> 0 | G39: =IFERROR(VLOOKUP($C39,'Etapa 4 Absoluta'!$E$3:$G$98,3,FALSE),0) -> 80 | H39: =IFERROR(VLOOKUP($C39,'Etapa 5 Absoluta'!$E$3:$G$98,3,FALSE),0) -> 0 | I39: 0 | J39: 0 | K39: 0 | L39: 0 | M39: 0 | N39: {=SUM(LARGE(D39:M39,{1;2;3}))} -> 80
B40: =ROW() - ROW($B$6) + 1 -> 35 | C40: Aleix Martínez Muñoz | D40: 0 | E40: =IFERROR(VLOOKUP($C40,'Etapa 2 Masculina'!$E$3:$G$100,3,FALSE),0) -> 0 | F40: =IFERROR(VLOOKUP($C40,'Etapa 3 Absoluta'!$E$3:$G$98,3,FALSE),0) -> 0 | G40: =IFERROR(VLOOKUP($C40,'Etapa 4 Absoluta'!$E$3:$G$98,3,FALSE),0) -> 58 | H40: =IFERROR(VLOOKUP($C40,'Etapa 5 Absoluta'!$E$3:$G$98,3,FALSE),0) -> 0 | I40: 0 | J40: 0 | K40: 0 | L40: 0 | M40: 0 | N40: {=SUM(LARGE(D40:M40,{1;2;3}))} -> 58
B41: =ROW() - ROW($B$6) + 1 -> 36 | C41: Aitor Martin Maldonado | E41: =IFERROR(VLOOKUP($C41,'Etapa 2 Masculina'!$E$3:$G$100,3,FALSE),0) -> 0 | F41: =IFERROR(VLOOKUP($C41,'Etapa 3 Absoluta'!$E$3:$G$98,3,FALSE),0) -> 0 | G41: =IFERROR(VLOOKUP($C41,'Etapa 4 Absoluta'!$E$3:$G$98,3,FALSE),0) -> 0 | H41: =IFERROR(VLOOKUP($C41,'Etapa 5 Absoluta'!$E$3:$G$98,3,FALSE),0) -> 0 | N41: {=SUM(LARGE(D41:M41,{1;2;3}))} -> 0
B42: =ROW() - ROW($B$6) + 1 -> 37 | C42: David Cortés Segura | E42: =IFERROR(VLOOKUP($C42,'Etapa 2 Masculina'!$E$3:$G$100,3,FALSE),0) -> 0 | F42: =IFERROR(VLOOKUP($C42,'Etapa 3 Absoluta'!$E$3:$G$98,3,FALSE),0) -> 0 | G42: =IFERROR(VLOOKUP($C42,'Etapa 4 Absoluta'!$E$3:$G$98,3,FALSE),0) -> 0 | H42: =IFERROR(VLOOKUP($C42,'Etapa 5 Absoluta'!$E$3:$G$98,3,FALSE),0) -> 0 | N42: {=SUM(LARGE(D42:M42,{1;2;3}))} -> 0
B43: =ROW() - ROW($B$6) + 1 -> 38 | C43: David Rojo Dengra | E43: =IFERROR(VLOOKUP($C43,'Etapa 2 Masculina'!$E$3:$G$100,3,FALSE),0) -> 0 | F43: =IFERROR(VLOOKUP($C43,'Etapa 3 Absoluta'!$E$3:$G$98,3,FALSE),0) -> 0 | G43: =IFERROR(VLOOKUP($C43,'Etapa 4 Absoluta'!$E$3:$G$98,3,FALSE),0) -> 0 | H43: =IFERROR(VLOOKUP($C43,'Etapa 5 Absoluta'!$E$3:$G$98,3,FALSE),0) -> 0 | N43: {=SUM(LARGE(D43:M43,{1;2;3}))} -> 0
B44: =ROW() - ROW($B$6) + 1 -> 39 | C44: Gastón Masuck Cardozo | E44: =IFERROR(VLOOKUP($C44,'Etapa 2 Masculina'!$E$3:$G$100,3,FALSE),0) -> 0 | F44: =IFERROR(VLOOKUP($C44,'Etapa 3 Absoluta'!$E$3:$G$98,3,FALSE),0) -> 0 | G44: =IFERROR(VLOOKUP($C44,'Etapa 4 Absoluta'!$E$3:$G$98,3,FALSE),0) -> 0 | H44: =IFERROR(VLOOKUP($C44,'Etapa 5 Absoluta'!$E$3:$G$98,3,FALSE),0) -> 0 | N44: {=SUM(LARGE(D44:M44,{1;2;3}))} -> 0
B45: =ROW() - ROW($B$6) + 1 -> 40 | C45: Juan Medina | E45: =IFERROR(VLOOKUP($C45,'Etapa 2 Masculina'!$E$3:$G$100,3,FALSE),0) -> 62 | F45: =IFERROR(VLOOKUP($C45,'Etapa 3 Absoluta'!$E$3:$G$98,3,FALSE),0) -> 0 | G45: =IFERROR(VLOOKUP($C45,'Etapa 4 Absoluta'!$E$3:$G$98,3,FALSE),0) -> 0 | H45: =IFERROR(VLOOKUP($C45,'Etapa 5 Absoluta'!$E$3:$G$98,3,FALSE),0) -> 0 | N45: {=SUM(LARGE(D45:M45,{1;2;3}))} -> 62

Sheet Ranking Masculino
B3: RANKING MASCULINO
B5: Posicion | C5: FOOTGOLFER NICKNAME | D5: Etapa 1 | E5: Etapa 2 | F5: Etapa 3 | G5: Etapa 4 | H5: Etapa 5 | I5: Etapa 6 | J5: Etapa 7 | K5: Etapa 8 | L5: Etapa 9 | M5: Etapa 10 | N5: Etapa 11 | O5: Etapa 12 | P5: Total | Q5: Maxima puntuacion posible
B6: 1 | C6: Jorge Santiago Buqueras | D6: =IFERROR(VLOOKUP($C6,'Etapa 1 Masculino'!$E$3:$G$99,3,FALSE),0) -> 250 | E6: =IFERROR(VLOOKUP($C6,'Etapa 2 Masculina'!$E$3:$G$99,3,FALSE),0) -> 250 | F6: 0 | G6: 0 | H6: 0 | I6: 0 | J6: 0 | K6: 0 | L6: 0 | M6: 0 | N6: 0 | O6: 0 | P6: {=SUM(LARGE(D6:O6,{1;2;3;4;5;6;7;8}))} -> 500 | Q6: {=SUM(LARGE(CHOOSE({1,2,3,4,5,6,7,8,9,10}, D6, E6, F6, G6, H6, I6, J6, K6, L6, 250), {1,2,3,4,5,6,7}))} -> 750 | U6: Primero | V6: jorge
B7: =ROW() - ROW($B$6) + 1 -> 2 | C7: Sergi Pahisa | D7: =IFERROR(VLOOKUP($C7,'Etapa 1 Masculino'!$E$3:$G$99,3,FALSE),0) -> 200 | E7: =IFERROR(VLOOKUP($C7,'Etapa 2 Masculina'!$E$3:$G$99,3,FALSE),0) -> 230 | F7: 0 | G7: 0 | H7: 0 | I7: 0 | J7: 0 | K7: 0 | L7: 0 | M7: 0 | N7: 0 | O7: 0 | P7: {=SUM(LARGE(D7:O7,{1;2;3;4;5;6;7;8}))} -> 430 | Q7: {=SUM(LARGE(CHOOSE({1,2,3,4,5,6,7,8,9,10}, D7, E7, F7, G7, H7, I7, J7, K7, L7, 250), {1,2,3,4,5,6,7}))} -> 680 | U7: Segundo | V7: Chema
B8: =ROW() - ROW($B$6) + 1 -> 3 | C8: Xavi Leiva Cañada | D8: =IFERROR(VLOOKUP($C8,'Etapa 1 Masculino'!$E$3:$G$99,3,FALSE),0) -> 230 | E8: =IFERROR(VLOOKUP($C8,'Etapa 2 Masculina'!$E$3:$G$99,3,FALSE),0) -> 190 | F8: 0 | G8: 0 | H8: 0 | I8: 0 | J8: 0 | K8: 0 | L8: 0 | M8: 0 | N8: 0 | O8: 0 | P8: {=SUM(LARGE(D8:O8,{1;2;3;4;5;6;7;8}))} -> 420 | Q8: {=SUM(LARGE(CHOOSE({1,2,3,4,5,6,7,8,9,10}, D8, E8, F8, G8, H8, I8, J8, K8, L8, 250), {1,2,3,4,5,6,7}))} -> 670 | U8: Tercero | V8: JuanRa
B9: =ROW() - ROW($B$6) + 1 -> 4 | C9: Olivier TRESSENS | D9: =IFERROR(VLOOKUP($C9,'Etapa 1 Masculino'!$E$3:$G$99,3,FALSE),0) -> 190 | E9: =IFERROR(VLOOKUP($C9,'Etapa 2 Masculina'!$E$3:$G$99,3,FALSE),0) -> 215 | F9: 0 | G9: 0 | H9: 0 | I9: 0 | J9: 0 | K9: 0 | L9: 0 | M9: 0 | N9: 0 | O9: 0 | P9: {=SUM(LARGE(D9:O9,{1;2;3;4;5;6;7;8}))} -> 405 | Q9: {=SUM(LARGE(CHOOSE({1,2,3,4,5,6,7,8,9,10}, D9, E9, F9, G9, H9, I9, J9, K9, L9, 250), {1,2,3,4,5,6,7}))} -> 655
B10: =ROW() - ROW($B$6) + 1 -> 5 | C10: Chema Martínez Guillamon | D10: =IFERROR(VLOOKUP($C10,'Etapa 1 Masculino'!$E$3:$G$99,3,FALSE),0) -> 215 | E10: =IFERROR(VLOOKUP($C10,'Etapa 2 Masculina'!$E$3:$G$99,3,FALSE),0) -> 165 | F10: 0 | G10: 0 | H10: 0 | I10: 0 | J10: 0 | K10: 0 | L10: 0 | M10: 0 | N10: 0 | O10: 0 | P10: {=SUM(LARGE(D10:O10,{1;2;3;4;5;6;7;8}))} -> 380 | Q10: {=SUM(LARGE(CHOOSE({1,2,3,4,5,6,7,8,9,10}, D10, E10, F10, G10, H10, I10, J10, K10, L10, 250), {1,2,3,4,5,6,7}))} -> 630
B11: =ROW() - ROW($B$6) + 1 -> 6 | C11: JuanRa Perez | D11: =IFERROR(VLOOKUP($C11,'Etapa 1 Masculino'!$E$3:$G$99,3,FALSE),0) -> 180 | E11: =IFERROR(VLOOKUP($C11,'Etapa 2 Masculina'!$E$3:$G$99,3,FALSE),0) -> 180 | F11: 0 | G11: 0 | H11: 0 | I11: 0 | J11: 0 | K11: 0 | L11: 0 | M11: 0 | N11: 0 | O11: 0 | P11: {=SUM(LARGE(D11:O11,{1;2;3;4;5;6;7;8}))} -> 360 | Q11: {=SUM(LARGE(CHOOSE({1,2,3,4,5,6,7,8,9,10}, D11, E11, F11, G11, H11, I11, J11, K11, L11, 250), {1,2,3,4,5,6,7}))} -> 610
B12: =ROW() - ROW($B$6) + 1 -> 7 | C12: Alberto Leiva cañada | D12: =IFERROR(VLOOKUP($C12,'Etapa 1 Masculino'!$E$3:$G$99,3,FALSE),0) -> 170 | E12: =IFERROR(VLOOKUP($C12,'Etapa 2 Masculina'!$E$3:$G$99,3,FALSE),0) -> 120 | F12: 0 | G12: 0 | H12: 0 | I12: 0 | J12: 0 | K12: 0 | L12: 0 | M12: 0 | N12: 0 | O12: 0 | P12: {=SUM(LARGE(D12:O12,{1;2;3;4;5;6;7;8}))} -> 290 | Q12: {=SUM(LARGE(CHOOSE({1,2,3,4,5,6,7,8,9,10}, D12, E12, F12, G12, H12, I12, J12, K12, L12, 250), {1,2,3,4,5,6,7}))} -> 540
B13: =ROW() - ROW($B$6) + 1 -> 8 | C13: Mario Morón Sancho | D13: =IFERROR(VLOOKUP($C13,'Etapa 1 Masculino'!$E$3:$G$99,3,FALSE),0) -> 125 | E13: =IFERROR(VLOOKUP($C13,'Etapa 2 Masculina'!$E$3:$G$99,3,FALSE),0) -> 130 | F13: 0 | G13: 0 | H13: 0 | I13: 0 | J13: 0 | K13: 0 | L13: 0 | M13: 0 | N13: 0 | O13: 0 | P13: {=SUM(LARGE(D13:O13,{1;2;3;4;5;6;7;8}))} -> 255 | Q13: {=SUM(LARGE(CHOOSE({1,2,3,4,5,6,7,8,9,10}, D13, E13, F13, G13, H13, I13, J13, K13, L13, 250), {1,2,3,4,5,6,7}))} -> 505
B14: =ROW() - ROW($B$6) + 1 -> 9 | C14: ivan luengo robles | D14: =IFERROR(VLOOKUP($C14,'Etapa 1 Masculino'!$E$3:$G$99,3,FALSE),0) -> 105 | E14: =IFERROR(VLOOKUP($C14,'Etapa 2 Masculina'!$E$3:$G$99,3,FALSE),0) -> 150 | F14: 0 | G14: 0 | H14: 0 | I14: 0 | J14: 0 | K14: 0 | L14: 0 | M14: 0 | N14: 0 | O14: 0 | P14: {=SUM(LARGE(D14:O14,{1;2;3;4;5;6;7;8}))} -> 255 | Q14: {=SUM(LARGE(CHOOSE({1,2,3,4,5,6,7,8,9,10}, D14, E14, F14, G14, H14, I14, J14, K14, L14, 250), {1,2,3,4,5,6,7}))} -> 505
B15: =ROW() - ROW($B$6) + 1 -> 10 | C15: Daniel Abril Amador | D15: =IFERROR(VLOOKUP($C15,'Etapa 1 Masculino'!$E$3:$G$99,3,FALSE),0) -> 85 | E15: =IFERROR(VLOOKUP($C15,'Etapa 2 Masculina'!$E$3:$G$99,3,FALSE),0) -> 165 | F15: 0 | G15: 0 | H15: 0 | I15: 0 | J15: 0 | K15: 0 | L15: 0 | M15: 0 | N15: 0 | O15: 0 | P15: {=SUM(LARGE(D15:O15,{1;2;3;4;5;6;7;8}))} -> 250 | Q15: {=SUM(LARGE(CHOOSE({1,2,3,4,5,6,7,8,9,10}, D15, E15, F15, G15, H15, I15, J15, K15, L15, 250), {1,2,3,4,5,6,7}))} -> 500
B16: =ROW() - ROW($B$6) + 1 -> 11 | C16: Raúl Linares Ramos | D16: =IFERROR(VLOOKUP($C16,'Etapa 1 Masculino'!$E$3:$G$99,3,FALSE),0) -> 105 | E16: =IFERROR(VLOOKUP($C16,'Etapa 2 Masculina'!$E$3:$G$99,3,FALSE),0) -> 140 | F16: 0 | G16: 0 | H16: 0 | I16: 0 | J16: 0 | K16: 0 | L16: 0 | M16: 0 | N16: 0 | O16: 0 | P16: {=SUM(LARGE(D16:O16,{1;2;3;4;5;6;7;8}))} -> 245 | Q16: {=SUM(LARGE(CHOOSE({1,2,3,4,5,6,7,8,9,10}, D16, E16, F16, G16, H16, I16, J16, K16, L16, 250), {1,2,3,4,5,6,7}))} -> 495
B17: =ROW() - ROW($B$6) + 1 -> 12 | C17: David Tellez Viana | D17: =IFERROR(VLOOKUP($C17,'Etapa 1 Masculino'!$E$3:$G$99,3,FALSE),0) -> 145 | E17: =IFERROR(VLOOKUP($C17,'Etapa 2 Masculina'!$E$3:$G$99,3,FALSE),0) -> 80 | F17: 0 | G17: 0 | H17: 0 | I17: 0 | J17: 0 | K17: 0 | L17: 0 | M17: 0 | N17: 0 | O17: 0 | P17: {=SUM(LARGE(D17:O17,{1;2;3;4;5;6;7;8}))} -> 225 | Q17: {=SUM(LARGE(CHOOSE({1,2,3,4,5,6,7,8,9,10}, D17, E17, F17, G17, H17, I17, J17, K17, L17, 250), {1,2,3,4,5,6,7}))} -> 475
B18: =ROW() - ROW($B$6) + 1 -> 13 | C18: Eduardo Martin Rodriguez | D18: =IFERROR(VLOOKUP($C18,'Etapa 1 Masculino'!$E$3:$G$99,3,FALSE),0) -> 0 | E18: =IFERROR(VLOOKUP($C18,'Etapa 2 Masculina'!$E$3:$G$99,3,FALSE),0) -> 200 | F18: 0 | G18: 0 | H18: 0 | I18: 0 | J18: 0 | K18: 0 | L18: 0 | M18: 0 | N18: 0 | O18: 0 | P18: {=SUM(LARGE(D18:O18,{1;2;3;4;5;6;7;8}))} -> 200 | Q18: {=SUM(LARGE(CHOOSE({1,2,3,4,5,6,7,8,9,10}, D18, E18, F18, G18, H18, I18, J18, K18, L18, 250), {1,2,3,4,5,6,7}))} -> 450
B19: =ROW() - ROW($B$6) + 1 -> 14 | C19: Fernando Martínez Guillamón | D19: =IFERROR(VLOOKUP($C19,'Etapa 1 Masculino'!$E$3:$G$99,3,FALSE),0) -> 90 | E19: =IFERROR(VLOOKUP($C19,'Etapa 2 Masculina'!$E$3:$G$99,3,FALSE),0) -> 100 | F19: 0 | G19: 0 | H19: 0 | I19: 0 | J19: 0 | K19: 0 | L19: 0 | M19: 0 | N19: 0 | O19: 0 | P19: {=SUM(LARGE(D19:O19,{1;2;3;4;5;6;7;8}))} -> 190 | Q19: {=SUM(LARGE(CHOOSE({1,2,3,4,5,6,7,8,9,10}, D19, E19, F19, G19, H19, I19, J19, K19, L19, 250), {1,2,3,4,5,6,7}))} -> 440
B20: =ROW() - ROW($B$6) + 1 -> 15 | C20: Gustavo Verse | D20: =IFERROR(VLOOKUP($C20,'Etapa 1 Masculino'!$E$3:$G$99,3,FALSE),0) -> 95 | E20: =IFERROR(VLOOKUP($C20,'Etapa 2 Masculina'!$E$3:$G$99,3,FALSE),0) -> 85 | F20: 0 | G20: 0 | H20: 0 | I20: 0 | J20: 0 | K20: 0 | L20: 0 | M20: 0 | N20: 0 | O20: 0 | P20: {=SUM(LARGE(D20:O20,{1;2;3;4;5;6;7;8}))} -> 180 | Q20: {=SUM(LARGE(CHOOSE({1,2,3,4,5,6,7,8,9,10}, D20, E20, F20, G20, H20, I20, J20, K20, L20, 250), {1,2,3,4,5,6,7}))} -> 430
... B52: =ROW() - ROW($B$6) + 1 -> 47 | C52: guillermo Beroy Álvarez | D52: =IFERROR(VLOOKUP($C52,'Etapa 1 Masculino'!$E$3:$G$99,3,FALSE),0) -> 0 | E52: =IFERROR(VLOOKUP($C52,'Etapa 2 Masculina'!$E$3:$G$99,3,FALSE),0) -> 0 | F52: 0 | G52: 0 | H52: 0 | I52: 0 | J52: 0 | K52: 0 | L52: 0 | M52: 0 | N52: 0 | O52: 0 | P52: {=SUM(LARGE(D52:O52,{1;2;3;4;5;6;7;8}))} -> 0 | Q52: {=SUM(LARGE(CHOOSE({1,2,3,4,5,6,7,8,9,10}, D52, E52, F52, G52, H52, I52, J52, K52, L52, 250), {1,2,3,4,5,6,7}))} -> 250

Sheet Ranking Senior
B3: RANKING SENIOR
B5: Posicion | C5: FOOTGOLFER NICKNAME | D5: Etapa 1 | E5: Etapa 2 | F5: Etapa 3 | G5: Etapa 4 | H5: Etapa 5 | I5: Etapa 6 | J5: Etapa 7 | K5: Etapa 8 | L5: Etapa 9 | M5: Etapa 10 | N5: Etapa 11 | O5: Etapa 12 | P5: Total | Q5: Maxima puntuacion posible
B6: =ROW() - ROW($B$6) + 1 -> 1 | C6: Olivier TRESSENS | D6: =IFERROR(VLOOKUP($C6,'Etapa 1 Senior'!$E$3:$G$83,3,FALSE),0) -> 250 | E6: =IFERROR(VLOOKUP($C6,'Etapa 2 Senior'!$E$3:$G$83,3,FALSE),0) -> 250 | F6: 0 | G6: 0 | H6: 0 | I6: 0 | J6: 0 | K6: 0 | L6: 0 | M6: 0 | N6: 0 | O6: 0 | P6: {=SUM(LARGE(D6:O6,{1;2;3;4;5;6;7;8}))} -> 500 | Q6: {=SUM(LARGE(CHOOSE({1,2,3,4,5,6,7,8,9,10}, D6, E6, F6, G6, H6, I6, J6, K6, L6, 250), {1,2,3,4,5,6,7}))} -> 750 | U6: Primero | V6: jorge
B7: =ROW() - ROW($B$6) + 1 -> 2 | C7: Raúl Linares Ramos | D7: =IFERROR(VLOOKUP($C7,'Etapa 1 Senior'!$E$3:$G$83,3,FALSE),0) -> 230 | E7: =IFERROR(VLOOKUP($C7,'Etapa 2 Senior'!$E$3:$G$83,3,FALSE),0) -> 230 | F7: 0 | G7: 0 | H7: 0 | I7: 0 | J7: 0 | K7: 0 | L7: 0 | M7: 0 | N7: 0 | O7: 0 | P7: {=SUM(LARGE(D7:O7,{1;2;3;4;5;6;7;8}))} -> 460 | Q7: {=SUM(LARGE(CHOOSE({1,2,3,4,5,6,7,8,9,10}, D7, E7, F7, G7, H7, I7, J7, K7, L7, 250), {1,2,3,4,5,6,7}))} -> 710 | U7: Segundo | V7: Chema
B8: =ROW() - ROW($B$6) + 1 -> 3 | C8: Gustavo Verse | D8: =IFERROR(VLOOKUP($C8,'Etapa 1 Senior'!$E$3:$G$83,3,FALSE),0) -> 215 | E8: =IFERROR(VLOOKUP($C8,'Etapa 2 Senior'!$E$3:$G$83,3,FALSE),0) -> 190 | F8: 0 | G8: 0 | H8: 0 | I8: 0 | J8: 0 | K8: 0 | L8: 0 | M8: 0 | N8: 0 | O8: 0 | P8: {=SUM(LARGE(D8:O8,{1;2;3;4;5;6;7;8}))} -> 405 | Q8: {=SUM(LARGE(CHOOSE({1,2,3,4,5,6,7,8,9,10}, D8, E8, F8, G8, H8, I8, J8, K8, L8, 250), {1,2,3,4,5,6,7}))} -> 655 | U8: Tercero | V8: JuanRa
B9: =ROW() - ROW($B$6) + 1 -> 4 | C9: Fernando Martínez Guillamón | D9: =IFERROR(VLOOKUP($C9,'Etapa 1 Senior'!$E$3:$G$83,3,FALSE),0) -> 200 | E9: =IFERROR(VLOOKUP($C9,'Etapa 2 Senior'!$E$3:$G$83,3,FALSE),0) -> 200 | F9: 0 | G9: 0 | H9: 0 | I9: 0 | J9: 0 | K9: 0 | L9: 0 | M9: 0 | N9: 0 | O9: 0 | P9: {=SUM(LARGE(D9:O9,{1;2;3;4;5;6;7;8}))} -> 400 | Q9: {=SUM(LARGE(CHOOSE({1,2,3,4,5,6,7,8,9,10}, D9, E9, F9, G9, H9, I9, J9, K9, L9, 250), {1,2,3,4,5,6,7}))} -> 650
B10: =ROW() - ROW($B$6) + 1 -> 5 | C10: David Linares Ramos | D10: =IFERROR(VLOOKUP($C10,'Etapa 1 Senior'!$E$3:$G$83,3,FALSE),0) -> 0 | E10: =IFERROR(VLOOKUP($C10,'Etapa 2 Senior'!$E$3:$G$83,3,FALSE),0) -> 215 | F10: 0 | G10: 0 | H10: 0 | I10: 0 | J10: 0 | K10: 0 | L10: 0 | M10: 0 | N10: 0 | O10: 0 | P10: {=SUM(LARGE(D10:O10,{1;2;3;4;5;6;7;8}))} -> 215 | Q10: {=SUM(LARGE(CHOOSE({1,2,3,4,5,6,7,8,9,10}, D10, E10, F10, G10, H10, I10, J10, K10, L10, 250), {1,2,3,4,5,6,7}))} -> 465
B11: =ROW() - ROW($B$6) + 1 -> 6 | C11: Giacomo Bonacini | D11: =IFERROR(VLOOKUP($C11,'Etapa 1 Senior'!$E$3:$G$83,3,FALSE),0) -> 0 | E11: =IFERROR(VLOOKUP($C11,'Etapa 2 Senior'!$E$3:$G$83,3,FALSE),0) -> 180 | F11: 0 | G11: 0 | H11: 0 | I11: 0 | J11: 0 | K11: 0 | L11: 0 | M11: 0 | N11: 0 | O11: 0 | P11: {=SUM(LARGE(D11:O11,{1;2;3;4;5;6;7;8}))} -> 180 | Q11: {=SUM(LARGE(CHOOSE({1,2,3,4,5,6,7,8,9,10}, D11, E11, F11, G11, H11, I11, J11, K11, L11, 250), {1,2,3,4,5,6,7}))} -> 430
B12: =ROW() - ROW($B$6) + 1 -> 7 | C12: Jorge Santiago Buqueras | D12: =IFERROR(VLOOKUP($C12,'Etapa 1 Senior'!$E$3:$G$83,3,FALSE),0) -> 0 | E12: =IFERROR(VLOOKUP($C12,'Etapa 2 Senior'!$E$3:$G$83,3,FALSE),0) -> 0 | F12: 0 | G12: 0 | H12: 0 | I12: 0 | J12: 0 | K12: 0 | L12: 0 | M12: 0 | N12: 0 | O12: 0 | P12: {=SUM(LARGE(D12:O12,{1;2;3;4;5;6;7;8}))} -> 0 | Q12: {=SUM(LARGE(CHOOSE({1,2,3,4,5,6,7,8,9,10}, D12, E12, F12, G12, H12, I12, J12, K12, L12, 250), {1,2,3,4,5,6,7}))} -> 250
B13: =ROW() - ROW($B$6) + 1 -> 8 | C13: Chema🐗🐗 Martínez Guillamon | D13: =IFERROR(VLOOKUP($C13,'Etapa 1 Senior'!$E$3:$G$83,3,FALSE),0) -> 0 | E13: =IFERROR(VLOOKUP($C13,'Etapa 2 Senior'!$E$3:$G$83,3,FALSE),0) -> 0 | F13: 0 | G13: 0 | H13: 0 | I13: 0 | J13: 0 | K13: 0 | L13: 0 | M13: 0 | N13: 0 | O13: 0 | P13: {=SUM(LARGE(D13:O13,{1;2;3;4;5;6;7;8}))} -> 0 | Q13: {=SUM(LARGE(CHOOSE({1,2,3,4,5,6,7,8,9,10}, D13, E13, F13, G13, H13, I13, J13, K13, L13, 250), {1,2,3,4,5,6,7}))} -> 250
B14: =ROW() - ROW($B$6) + 1 -> 9 | C14: JuanRa Perez | D14: =IFERROR(VLOOKUP($C14,'Etapa 1 Senior'!$E$3:$G$83,3,FALSE),0) -> 0 | E14: =IFERROR(VLOOKUP($C14,'Etapa 2 Senior'!$E$3:$G$83,3,FALSE),0) -> 0 | F14: 0 | G14: 0 | H14: 0 | I14: 0 | J14: 0 | K14: 0 | L14: 0 | M14: 0 | N14: 0 | O14: 0 | P14: {=SUM(LARGE(D14:O14,{1;2;3;4;5;6;7;8}))} -> 0 | Q14: {=SUM(LARGE(CHOOSE({1,2,3,4,5,6,7,8,9,10}, D14, E14, F14, G14, H14, I14, J14, K14, L14, 250), {1,2,3,4,5,6,7}))} -> 250
B15: =ROW() - ROW($B$6) + 1 -> 10 | C15: Xavi Leiva Cañada | D15: =IFERROR(VLOOKUP($C15,'Etapa 1 Senior'!$E$3:$G$83,3,FALSE),0) -> 0 | E15: =IFERROR(VLOOKUP($C15,'Etapa 2 Senior'!$E$3:$G$83,3,FALSE),0) -> 0 | F15: 0 | G15: 0 | H15: 0 | I15: 0 | J15: 0 | K15: 0 | L15: 0 | M15: 0 | N15: 0 | O15: 0 | P15: {=SUM(LARGE(D15:O15,{1;2;3;4;5;6;7;8}))} -> 0 | Q15: {=SUM(LARGE(CHOOSE({1,2,3,4,5,6,7,8,9,10}, D15, E15, F15, G15, H15, I15, J15, K15, L15, 250), {1,2,3,4,5,6,7}))} -> 250
B16: =ROW() - ROW($B$6) + 1 -> 11 | C16: Eduardo Martin Rodriguez | D16: =IFERROR(VLOOKUP($C16,'Etapa 1 Senior'!$E$3:$G$83,3,FALSE),0) -> 0 | E16: =IFERROR(VLOOKUP($C16,'Etapa 2 Senior'!$E$3:$G$83,3,FALSE),0) -> 0 | F16: 0 | G16: 0 | H16: 0 | I16: 0 | J16: 0 | K16: 0 | L16: 0 | M16: 0 | N16: 0 | O16: 0 | P16: {=SUM(LARGE(D16:O16,{1;2;3;4;5;6;7;8}))} -> 0 | Q16: {=SUM(LARGE(CHOOSE({1,2,3,4,5,6,7,8,9,10}, D16, E16, F16, G16, H16, I16, J16, K16, L16, 250), {1,2,3,4,5,6,7}))} -> 250
B17: =ROW() - ROW($B$6) + 1 -> 12 | C17: Alberto Leiva cañada | D17: =IFERROR(VLOOKUP($C17,'Etapa 1 Senior'!$E$3:$G$83,3,FALSE),0) -> 0 | E17: =IFERROR(VLOOKUP($C17,'Etapa 2 Senior'!$E$3:$G$83,3,FALSE),0) -> 0 | F17: 0 | G17: 0 | H17: 0 | I17: 0 | J17: 0 | K17: 0 | L17: 0 | M17: 0 | N17: 0 | O17: 0 | P17: {=SUM(LARGE(D17:O17,{1;2;3;4;5;6;7;8}))} -> 0 | Q17: {=SUM(LARGE(CHOOSE({1,2,3,4,5,6,7,8,9,10}, D17, E17, F17, G17, H17, I17, J17, K17, L17, 250), {1,2,3,4,5,6,7}))} -> 250
B18: =ROW() - ROW($B$6) + 1 -> 13 | C18: Alberto Salazar Fernández | D18: =IFERROR(VLOOKUP($C18,'Etapa 1 Senior'!$E$3:$G$83,3,FALSE),0) -> 0 | E18: =IFERROR(VLOOKUP($C18,'Etapa 2 Senior'!$E$3:$G$83,3,FALSE),0) -> 0 | F18: 0 | G18: 0 | H18: 0 | I18: 0 | J18: 0 | K18: 0 | L18: 0 | M18: 0 | N18: 0 | O18: 0 | P18: {=SUM(LARGE(D18:O18,{1;2;3;4;5;6;7;8}))} -> 0 | Q18: {=SUM(LARGE(CHOOSE({1,2,3,4,5,6,7,8,9,10}, D18, E18, F18, G18, H18, I18, J18, K18, L18, 250), {1,2,3,4,5,6,7}))} -> 250
B19: =ROW() - ROW($B$6) + 1 -> 14 | C19: benito reyes gonzalez | D19: =IFERROR(VLOOKUP($C19,'Etapa 1 Senior'!$E$3:$G$83,3,FALSE),0) -> 0 | E19: =IFERROR(VLOOKUP($C19,'Etapa 2 Senior'!$E$3:$G$83,3,FALSE),0) -> 0 | F19: 0 | G19: 0 | H19: 0 | I19: 0 | J19: 0 | K19: 0 | L19: 0 | M19: 0 | N19: 0 | O19: 0 | P19: {=SUM(LARGE(D19:O19,{1;2;3;4;5;6;7;8}))} -> 0 | Q19: {=SUM(LARGE(CHOOSE({1,2,3,4,5,6,7,8,9,10}, D19, E19, F19, G19, H19, I19, J19, K19, L19, 250), {1,2,3,4,5,6,7}))} -> 250
B20: =ROW() - ROW($B$6) + 1 -> 15 | C20: David Tellez Viana | D20: =IFERROR(VLOOKUP($C20,'Etapa 1 Senior'!$E$3:$G$83,3,FALSE),0) -> 0 | E20: =IFERROR(VLOOKUP($C20,'Etapa 2 Senior'!$E$3:$G$83,3,FALSE),0) -> 0 | F20: 0 | G20: 0 | H20: 0 | I20: 0 | J20: 0 | K20: 0 | L20: 0 | M20: 0 | N20: 0 | O20: 0 | P20: {=SUM(LARGE(D20:O20,{1;2;3;4;5;6;7;8}))} -> 0 | Q20: {=SUM(LARGE(CHOOSE({1,2,3,4,5,6,7,8,9,10}, D20, E20, F20, G20, H20, I20, J20, K20, L20, 250), {1,2,3,4,5,6,7}))} -> 250
... B49: =ROW() - ROW($B$6) + 1 -> 44 | C49: guillermo Beroy Álvarez | D49: =IFERROR(VLOOKUP($C49,'Etapa 1 Senior'!$E$3:$G$83,3,FALSE),0) -> 0 | E49: =IFERROR(VLOOKUP($C49,'Etapa 2 Senior'!$E$3:$G$83,3,FALSE),0) -> 0 | F49: 0 | G49: 0 | H49: 0 | I49: 0 | J49: 0 | K49: 0 | L49: 0 | M49: 0 | N49: 0 | O49: 0 | P49: {=SUM(LARGE(D49:O49,{1;2;3;4;5;6;7;8}))} -> 0 | Q49: {=SUM(LARGE(CHOOSE({1,2,3,4,5,6,7,8,9,10}, D49, E49, F49, G49, H49, I49, J49, K49, L49, 250), {1,2,3,4,5,6,7}))} -> 250

Sheet Ranking Rookie
B3: RANKING ROOKIE
B5: Posicion | C5: FOOTGOLFER NICKNAME | D5: Etapa 1 | E5: Etapa 2 | F5: Etapa 3 | G5: Etapa 4 | H5: Etapa 5 | I5: Etapa 6 | J5: Etapa 7 | K5: Etapa 8 | L5: Etapa 9 | M5: Etapa 10 | N5: Etapa 11 | O5: Etapa 12 | P5: Total | Q5: Maxima puntuacion posible
B6: =ROW() - ROW($B$6) + 1 -> 1 | C6: Sergi Pahisa | D6: =IFERROR(VLOOKUP($C6,'Etapa 1 Rookie'!$E$3:$G$83,3,FALSE),0) -> 230 | E6: =IFERROR(VLOOKUP($C6,'Etapa 2 Rookie'!$E$3:$G$83,3,FALSE),0) -> 250 | F6: 0 | G6: 0 | H6: 0 | I6: 0 | J6: 0 | K6: 0 | L6: 0 | M6: 0 | N6: 0 | O6: 0 | P6: {=SUM(LARGE(D6:O6,{1;2;3;4;5;6;7;8}))} -> 480 | Q6: {=SUM(LARGE(CHOOSE({1,2,3,4,5,6,7,8,9,10}, D6, E6, F6, G6, H6, I6, J6, K6, L6, 250), {1,2,3,4,5,6,7}))} -> 730 | U6: Primero | V6: jorge
B7: =ROW() - ROW($B$6) + 1 -> 2 | C7: Xavi Leiva Cañada | D7: =IFERROR(VLOOKUP($C7,'Etapa 1 Rookie'!$E$3:$G$83,3,FALSE),0) -> 250 | E7: =IFERROR(VLOOKUP($C7,'Etapa 2 Rookie'!$E$3:$G$83,3,FALSE),0) -> 215 | F7: 0 | G7: 0 | H7: 0 | I7: 0 | J7: 0 | K7: 0 | L7: 0 | M7: 0 | N7: 0 | O7: 0 | P7: {=SUM(LARGE(D7:O7,{1;2;3;4;5;6;7;8}))} -> 465 | Q7: {=SUM(LARGE(CHOOSE({1,2,3,4,5,6,7,8,9,10}, D7, E7, F7, G7, H7, I7, J7, K7, L7, 250), {1,2,3,4,5,6,7}))} -> 715 | U7: Segundo | V7: Chema
B8: =ROW() - ROW($B$6) + 1 -> 3 | C8: Alberto Leiva cañada | D8: =IFERROR(VLOOKUP($C8,'Etapa 1 Rookie'!$E$3:$G$83,3,FALSE),0) -> 215 | E8: =IFERROR(VLOOKUP($C8,'Etapa 2 Rookie'!$E$3:$G$83,3,FALSE),0) -> 160 | F8: 0 | G8: 0 | H8: 0 | I8: 0 | J8: 0 | K8: 0 | L8: 0 | M8: 0 | N8: 0 | O8: 0 | P8: {=SUM(LARGE(D8:O8,{1;2;3;4;5;6;7;8}))} -> 375 | Q8: {=SUM(LARGE(CHOOSE({1,2,3,4,5,6,7,8,9,10}, D8, E8, F8, G8, H8, I8, J8, K8, L8, 250), {1,2,3,4,5,6,7}))} -> 625 | U8: Tercero | V8: JuanRa
B9: =ROW() - ROW($B$6) + 1 -> 4 | C9: Mario Morón Sancho | D9: =IFERROR(VLOOKUP($C9,'Etapa 1 Rookie'!$E$3:$G$83,3,FALSE),0) -> 185 | E9: =IFERROR(VLOOKUP($C9,'Etapa 2 Rookie'!$E$3:$G$83,3,FALSE),0) -> 170 | F9: 0 | G9: 0 | H9: 0 | I9: 0 | J9: 0 | K9: 0 | L9: 0 | M9: 0 | N9: 0 | O9: 0 | P9: {=SUM(LARGE(D9:O9,{1;2;3;4;5;6;7;8}))} -> 355 | Q9: {=SUM(LARGE(CHOOSE({1,2,3,4,5,6,7,8,9,10}, D9, E9, F9, G9, H9, I9, J9, K9, L9, 250), {1,2,3,4,5,6,7}))} -> 605
B10: =ROW() - ROW($B$6) + 1 -> 5 | C10: ivan luengo robles | D10: =IFERROR(VLOOKUP($C10,'Etapa 1 Rookie'!$E$3:$G$83,3,FALSE),0) -> 165 | E10: =IFERROR(VLOOKUP($C10,'Etapa 2 Rookie'!$E$3:$G$83,3,FALSE),0) -> 190 | F10: 0 | G10: 0 | H10: 0 | I10: 0 | J10: 0 | K10: 0 | L10: 0 | M10: 0 | N10: 0 | O10: 0 | P10: {=SUM(LARGE(D10:O10,{1;2;3;4;5;6;7;8}))} -> 355 | Q10: {=SUM(LARGE(CHOOSE({1,2,3,4,5,6,7,8,9,10}, D10, E10, F10, G10, H10, I10, J10, K10, L10, 250), {1,2,3,4,5,6,7}))} -> 605
B11: =ROW() - ROW($B$6) + 1 -> 6 | C11: Raúl Linares Ramos | D11: =IFERROR(VLOOKUP($C11,'Etapa 1 Rookie'!$E$3:$G$83,3,FALSE),0) -> 165 | E11: =IFERROR(VLOOKUP($C11,'Etapa 2 Rookie'!$E$3:$G$83,3,FALSE),0) -> 180 | F11: 0 | G11: 0 | H11: 0 | I11: 0 | J11: 0 | K11: 0 | L11: 0 | M11: 0 | N11: 0 | O11: 0 | P11: {=SUM(LARGE(D11:O11,{1;2;3;4;5;6;7;8}))} -> 345 | Q11: {=SUM(LARGE(CHOOSE({1,2,3,4,5,6,7,8,9,10}, D11, E11, F11, G11, H11, I11, J11, K11, L11, 250), {1,2,3,4,5,6,7}))} -> 595
B12: 10 | C12: Daniel Abril Amador | D12: =IFERROR(VLOOKUP($C12,'Etapa 1 Rookie'!$E$3:$G$83,3,FALSE),0) -> 140 | E12: =IFERROR(VLOOKUP($C12,'Etapa 2 Rookie'!$E$3:$G$83,3,FALSE),0) -> 200 | F12: 0 | G12: 0 | H12: 0 | I12: 0 | J12: 0 | K12: 0 | L12: 0 | M12: 0 | N12: 0 | O12: 0 | P12: {=SUM(LARGE(D12:O12,{1;2;3;4;5;6;7;8}))} -> 340 | Q12: {=SUM(LARGE(CHOOSE({1,2,3,4,5,6,7,8,9,10}, D12, E12, F12, G12, H12, I12, J12, K12, L12, 250), {1,2,3,4,5,6,7}))} -> 590
B13: =ROW() - ROW($B$6) + 1 -> 8 | C13: David Tellez Viana | D13: =IFERROR(VLOOKUP($C13,'Etapa 1 Rookie'!$E$3:$G$83,3,FALSE),0) -> 200 | E13: =IFERROR(VLOOKUP($C13,'Etapa 2 Rookie'!$E$3:$G$83,3,FALSE),0) -> 120 | F13: 0 | G13: 0 | H13: 0 | I13: 0 | J13: 0 | K13: 0 | L13: 0 | M13: 0 | N13: 0 | O13: 0 | P13: {=SUM(LARGE(D13:O13,{1;2;3;4;5;6;7;8}))} -> 320 | Q13: {=SUM(LARGE(CHOOSE({1,2,3,4,5,6,7,8,9,10}, D13, E13, F13, G13, H13, I13, J13, K13, L13, 250), {1,2,3,4,5,6,7}))} -> 570
B14: 9 | C14: Gustavo Verse | D14: =IFERROR(VLOOKUP($C14,'Etapa 1 Rookie'!$E$3:$G$83,3,FALSE),0) -> 150 | E14: =IFERROR(VLOOKUP($C14,'Etapa 2 Rookie'!$E$3:$G$83,3,FALSE),0) -> 130 | F14: 0 | G14: 0 | H14: 0 | I14: 0 | J14: 0 | K14: 0 | L14: 0 | M14: 0 | N14: 0 | O14: 0 | P14: {=SUM(LARGE(D14:O14,{1;2;3;4;5;6;7;8}))} -> 280 | Q14: {=SUM(LARGE(CHOOSE({1,2,3,4,5,6,7,8,9,10}, D14, E14, F14, G14, H14, I14, J14, K14, L14, 250), {1,2,3,4,5,6,7}))} -> 530
B15: =ROW() - ROW($B$6) + 1 -> 10 | C15: Eduardo Martin Rodriguez | D15: =IFERROR(VLOOKUP($C15,'Etapa 1 Rookie'!$E$3:$G$83,3,FALSE),0) -> 0 | E15: =IFERROR(VLOOKUP($C15,'Etapa 2 Rookie'!$E$3:$G$83,3,FALSE),0) -> 230 | F15: 0 | G15: 0 | H15: 0 | I15: 0 | J15: 0 | K15: 0 | L15: 0 | M15: 0 | N15: 0 | O15: 0 | P15: {=SUM(LARGE(D15:O15,{1;2;3;4;5;6;7;8}))} -> 230 | Q15: {=SUM(LARGE(CHOOSE({1,2,3,4,5,6,7,8,9,10}, D15, E15, F15, G15, H15, I15, J15, K15, L15, 250), {1,2,3,4,5,6,7}))} -> 480
B16: 11 | C16: Juan Medina | D16: =IFERROR(VLOOKUP($C16,'Etapa 1 Rookie'!$E$3:$G$83,3,FALSE),0) -> 130 | E16: =IFERROR(VLOOKUP($C16,'Etapa 2 Rookie'!$E$3:$G$83,3,FALSE),0) -> 95 | F16: 0 | G16: 0 | H16: 0 | I16: 0 | J16: 0 | K16: 0 | L16: 0 | M16: 0 | N16: 0 | O16: 0 | P16: {=SUM(LARGE(D16:O16,{1;2;3;4;5;6;7;8}))} -> 225 | Q16: {=SUM(LARGE(CHOOSE({1,2,3,4,5,6,7,8,9,10}, D16, E16, F16, G16, H16, I16, J16, K16, L16, 250), {1,2,3,4,5,6,7}))} -> 475
B17: 12 | C17: Luca Rubinacci | D17: =IFERROR(VLOOKUP($C17,'Etapa 1 Rookie'!$E$3:$G$83,3,FALSE),0) -> 120 | E17: =IFERROR(VLOOKUP($C17,'Etapa 2 Rookie'!$E$3:$G$83,3,FALSE),0) -> 100 | F17: 0 | G17: 0 | H17: 0 | I17: 0 | J17: 0 | K17: 0 | L17: 0 | M17: 0 | N17: 0 | O17: 0 | P17: {=SUM(LARGE(D17:O17,{1;2;3;4;5;6;7;8}))} -> 220 | Q17: {=SUM(LARGE(CHOOSE({1,2,3,4,5,6,7,8,9,10}, D17, E17, F17, G17, H17, I17, J17, K17, L17, 250), {1,2,3,4,5,6,7}))} -> 470
B18: =ROW() - ROW($B$7) + 1 -> 12 | C18: Gastón Masuck Cardozo | D18: =IFERROR(VLOOKUP($C18,'Etapa 1 Rookie'!$E$3:$G$83,3,FALSE),0) -> 185 | E18: =IFERROR(VLOOKUP($C18,'Etapa 2 Rookie'!$E$3:$G$83,3,FALSE),0) -> 0 | F18: 0 | G18: 0 | H18: 0 | I18: 0 | J18: 0 | K18: 0 | L18: 0 | M18: 0 | N18: 0 | O18: 0 | P18: {=SUM(LARGE(D18:O18,{1;2;3;4;5;6;7;8}))} -> 185 | Q18: {=SUM(LARGE(CHOOSE({1,2,3,4,5,6,7,8,9,10}, D18, E18, F18, G18, H18, I18, J18, K18, L18, 250), {1,2,3,4,5,6,7}))} -> 435
B19: =ROW() - ROW($B$6) + 1 -> 14 | C19: Marc Company Salvat | D19: =IFERROR(VLOOKUP($C19,'Etapa 1 Rookie'!$E$3:$G$83,3,FALSE),0) -> 0 | E19: =IFERROR(VLOOKUP($C19,'Etapa 2 Rookie'!$E$3:$G$83,3,FALSE),0) -> 145 | F19: 0 | G19: 0 | H19: 0 | I19: 0 | J19: 0 | K19: 0 | L19: 0 | M19: 0 | N19: 0 | O19: 0 | P19: {=SUM(LARGE(D19:O19,{1;2;3;4;5;6;7;8}))} -> 145 | Q19: {=SUM(LARGE(CHOOSE({1,2,3,4,5,6,7,8,9,10}, D19, E19, F19, G19, H19, I19, J19, K19, L19, 250), {1,2,3,4,5,6,7}))} -> 395
B20: =ROW() - ROW($B$7) + 1 -> 14 | C20: Erik Mata | D20: =IFERROR(VLOOKUP($C20,'Etapa 1 Rookie'!$E$3:$G$83,3,FALSE),0) -> 0 | E20: =IFERROR(VLOOKUP($C20,'Etapa 2 Rookie'!$E$3:$G$83,3,FALSE),0) -> 145 | F20: 0 | G20: 0 | H20: 0 | I20: 0 | J20: 0 | K20: 0 | L20: 0 | M20: 0 | N20: 0 | O20: 0 | P20: {=SUM(LARGE(D20:O20,{1;2;3;4;5;6;7;8}))} -> 145 | Q20: {=SUM(LARGE(CHOOSE({1,2,3,4,5,6,7,8,9,10}, D20, E20, F20, G20, H20, I20, J20, K20, L20, 250), {1,2,3,4,5,6,7}))} -> 395
B21: =ROW() - ROW($B$7) + 1 -> 15 | C21: Jordi Ortega López | D21: =IFERROR(VLOOKUP($C21,'Etapa 1 Rookie'!$E$3:$G$83,3,FALSE),0) -> 0 | E21: =IFERROR(VLOOKUP($C21,'Etapa 2 Rookie'!$E$3:$G$83,3,FALSE),0) -> 110 | F21: 0 | G21: 0 | H21: 0 | I21: 0 | J21: 0 | K21: 0 | L21: 0 | M21: 0 | N21: 0 | O21: 0 | P21: {=SUM(LARGE(D21:O21,{1;2;3;4;5;6;7;8}))} -> 110 | Q21: {=SUM(LARGE(CHOOSE({1,2,3,4,5,6,7,8,9,10}, D21, E21, F21, G21, H21, I21, J21, K21, L21, 250), {1,2,3,4,5,6,7}))} -> 360
B22: =ROW() - ROW($B$6) + 1 -> 17 | C22: Olivier TRESSENS | D22: =IFERROR(VLOOKUP($C22,'Etapa 1 Rookie'!$E$3:$G$83,3,FALSE),0) -> 0 | E22: =IFERROR(VLOOKUP($C22,'Etapa 2 Rookie'!$E$3:$G$83,3,FALSE),0) -> 0 | F22: 0 | G22: 0 | H22: 0 | I22: 0 | J22: 0 | K22: 0 | L22: 0 | M22: 0 | N22: 0 | O22: 0 | P22: {=SUM(LARGE(D22:O22,{1;2;3;4;5;6;7;8}))} -> 0 | Q22: {=SUM(LARGE(CHOOSE({1,2,3,4,5,6,7,8,9,10}, D22, E22, F22, G22, H22, I22, J22, K22, L22, 250), {1,2,3,4,5,6,7}))} -> 250
B23: =ROW() - ROW($B$6) + 1 -> 18 | C23: Fernando Martínez Guillamón | D23: =IFERROR(VLOOKUP($C23,'Etapa 1 Rookie'!$E$3:$G$83,3,FALSE),0) -> 0 | E23: =IFERROR(VLOOKUP($C23,'Etapa 2 Rookie'!$E$3:$G$83,3,FALSE),0) -> 0 | F23: 0 | G23: 0 | H23: 0 | I23: 0 | J23: 0 | K23: 0 | L23: 0 | M23: 0 | N23: 0 | O23: 0 | P23: {=SUM(LARGE(D23:O23,{1;2;3;4;5;6;7;8}))} -> 0 | Q23: {=SUM(LARGE(CHOOSE({1,2,3,4,5,6,7,8,9,10}, D23, E23, F23, G23, H23, I23, J23, K23, L23, 250), {1,2,3,4,5,6,7}))} -> 250
B24: 1 | C24: Jorge Santiago Buqueras | D24: =IFERROR(VLOOKUP($C24,'Etapa 1 Rookie'!$E$3:$G$83,3,FALSE),0) -> 0 | E24: =IFERROR(VLOOKUP($C24,'Etapa 2 Rookie'!$E$3:$G$83,3,FALSE),0) -> 0 | F24: 0 | G24: 0 | H24: 0 | I24: 0 | J24: 0 | K24: 0 | L24: 0 | M24: 0 | N24: 0 | O24: 0 | P24: {=SUM(LARGE(D24:O24,{1;2;3;4;5;6;7;8}))} -> 0 | Q24: {=SUM(LARGE(CHOOSE({1,2,3,4,5,6,7,8,9,10}, D24, E24, F24, G24, H24, I24, J24, K24, L24, 250), {1,2,3,4,5,6,7}))} -> 250
B25: =ROW() - ROW($B$6) + 1 -> 20 | C25: Chema🐗🐗 Martínez Guillamon | D25: =IFERROR(VLOOKUP($C25,'Etapa 1 Rookie'!$E$3:$G$83,3,FALSE),0) -> 0 | E25: =IFERROR(VLOOKUP($C25,'Etapa 2 Rookie'!$E$3:$G$83,3,FALSE),0) -> 0 | F25: 0 | G25: 0 | H25: 0 | I25: 0 | J25: 0 | K25: 0 | L25: 0 | M25: 0 | N25: 0 | O25: 0 | P25: {=SUM(LARGE(D25:O25,{1;2;3;4;5;6;7;8}))} -> 0 | Q25: {=SUM(LARGE(CHOOSE({1,2,3,4,5,6,7,8,9,10}, D25, E25, F25, G25, H25, I25, J25, K25, L25, 250), {1,2,3,4,5,6,7}))} -> 250
B26: =ROW() - ROW($B$6) + 1 -> 21 | C26: JuanRa Perez | D26: =IFERROR(VLOOKUP($C26,'Etapa 1 Rookie'!$E$3:$G$83,3,FALSE),0) -> 0 | E26: =IFERROR(VLOOKUP($C26,'Etapa 2 Rookie'!$E$3:$G$83,3,FALSE),0) -> 0 | F26: 0 | G26: 0 | H26: 0 | I26: 0 | J26: 0 | K26: 0 | L26: 0 | M26: 0 | N26: 0 | O26: 0 | P26: {=SUM(LARGE(D26:O26,{1;2;3;4;5;6;7;8}))} -> 0 | Q26: {=SUM(LARGE(CHOOSE({1,2,3,4,5,6,7,8,9,10}, D26, E26, F26, G26, H26, I26, J26, K26, L26, 250), {1,2,3,4,5,6,7}))} -> 250
B27: =ROW() - ROW($B$6) + 1 -> 22 | C27: Alberto Salazar Fernández | D27: =IFERROR(VLOOKUP($C27,'Etapa 1 Rookie'!$E$3:$G$83,3,FALSE),0) -> 0 | E27: =IFERROR(VLOOKUP($C27,'Etapa 2 Rookie'!$E$3:$G$83,3,FALSE),0) -> 0 | F27: 0 | G27: 0 | H27: 0 | I27: 0 | J27: 0 | K27: 0 | L27: 0 | M27: 0 | N27: 0 | O27: 0 | P27: {=SUM(LARGE(D27:O27,{1;2;3;4;5;6;7;8}))} -> 0 | Q27: {=SUM(LARGE(CHOOSE({1,2,3,4,5,6,7,8,9,10}, D27, E27, F27, G27, H27, I27, J27, K27, L27, 250), {1,2,3,4,5,6,7}))} -> 250
B28: =ROW() - ROW($B$6) + 1 -> 23 | C28: benito reyes gonzalez | D28: =IFERROR(VLOOKUP($C28,'Etapa 1 Rookie'!$E$3:$G$83,3,FALSE),0) -> 0 | E28: =IFERROR(VLOOKUP($C28,'Etapa 2 Rookie'!$E$3:$G$83,3,FALSE),0) -> 0 | F28: 0 | G28: 0 | H28: 0 | I28: 0 | J28: 0 | K28: 0 | L28: 0 | M28: 0 | N28: 0 | O28: 0 | P28: {=SUM(LARGE(D28:O28,{1;2;3;4;5;6;7;8}))} -> 0 | Q28: {=SUM(LARGE(CHOOSE({1,2,3,4,5,6,7,8,9,10}, D28, E28, F28, G28, H28, I28, J28, K28, L28, 250), {1,2,3,4,5,6,7}))} -> 250
B29: =ROW() - ROW($B$6) + 1 -> 24 | C29: David Linares Ramos | D29: =IFERROR(VLOOKUP($C29,'Etapa 1 Rookie'!$E$3:$G$83,3,FALSE),0) -> 0 | E29: =IFERROR(VLOOKUP($C29,'Etapa 2 Rookie'!$E$3:$G$83,3,FALSE),0) -> 0 | F29: 0 | G29: 0 | H29: 0 | I29: 0 | J29: 0 | K29: 0 | L29: 0 | M29: 0 | N29: 0 | O29: 0 | P29: {=SUM(LARGE(D29:O29,{1;2;3;4;5;6;7;8}))} -> 0 | Q29: {=SUM(LARGE(CHOOSE({1,2,3,4,5,6,7,8,9,10}, D29, E29, F29, G29, H29, I29, J29, K29, L29, 250), {1,2,3,4,5,6,7}))} -> 250
B30: =ROW() - ROW($B$6) + 1 -> 25 | C30: Jesús Pizarro Gonzálvez | D30: =IFERROR(VLOOKUP($C30,'Etapa 1 Rookie'!$E$3:$G$83,3,FALSE),0) -> 0 | E30: =IFERROR(VLOOKUP($C30,'Etapa 2 Rookie'!$E$3:$G$83,3,FALSE),0) -> 0 | F30: 0 | G30: 0 | H30: 0 | I30: 0 | J30: 0 | K30: 0 | L30: 0 | M30: 0 | N30: 0 | O30: 0 | P30: {=SUM(LARGE(D30:O30,{1;2;3;4;5;6;7;8}))} -> 0 | Q30: {=SUM(LARGE(CHOOSE({1,2,3,4,5,6,7,8,9,10}, D30, E30, F30, G30, H30, I30, J30, K30, L30, 250), {1,2,3,4,5,6,7}))} -> 250
B31: =ROW() - ROW($B$6) + 1 -> 26 | C31: Sergi Perez Vilar | D31: =IFERROR(VLOOKUP($C31,'Etapa 1 Rookie'!$E$3:$G$83,3,FALSE),0) -> 0 | E31: =IFERROR(VLOOKUP($C31,'Etapa 2 Rookie'!$E$3:$G$83,3,FALSE),0) -> 0 | F31: 0 | G31: 0 | H31: 0 | I31: 0 | J31: 0 | K31: 0 | L31: 0 | M31: 0 | N31: 0 | O31: 0 | P31: {=SUM(LARGE(D31:O31,{1;2;3;4;5;6;7;8}))} -> 0 | Q31: {=SUM(LARGE(CHOOSE({1,2,3,4,5,6,7,8,9,10}, D31, E31, F31, G31, H31, I31, J31, K31, L31, 250), {1,2,3,4,5,6,7}))} -> 250
B32: =ROW() - ROW($B$6) + 1 -> 27 | C32: Alex Trallero Domec | D32: =IFERROR(VLOOKUP($C32,'Etapa 1 Rookie'!$E$3:$G$83,3,FALSE),0) -> 0 | E32: =IFERROR(VLOOKUP($C32,'Etapa 2 Rookie'!$E$3:$G$83,3,FALSE),0) -> 0 | F32: 0 | G32: 0 | H32: 0 | I32: 0 | J32: 0 | K32: 0 | L32: 0 | M32: 0 | N32: 0 | O32: 0 | P32: {=SUM(LARGE(D32:O32,{1;2;3;4;5;6;7;8}))} -> 0 | Q32: {=SUM(LARGE(CHOOSE({1,2,3,4,5,6,7,8,9,10}, D32, E32, F32, G32, H32, I32, J32, K32, L32, 250), {1,2,3,4,5,6,7}))} -> 250
B33: =ROW() - ROW($B$6) + 1 -> 28 | C33: Nicola Perra | D33: =IFERROR(VLOOKUP($C33,'Etapa 1 Rookie'!$E$3:$G$83,3,FALSE),0) -> 0 | E33: =IFERROR(VLOOKUP($C33,'Etapa 2 Rookie'!$E$3:$G$83,3,FALSE),0) -> 0 | F33: 0 | G33: 0 | H33: 0 | I33: 0 | J33: 0 | K33: 0 | L33: 0 | M33: 0 | N33: 0 | O33: 0 | P33: {=SUM(LARGE(D33:O33,{1;2;3;4;5;6;7;8}))} -> 0 | Q33: {=SUM(LARGE(CHOOSE({1,2,3,4,5,6,7,8,9,10}, D33, E33, F33, G33, H33, I33, J33, K33, L33, 250), {1,2,3,4,5,6,7}))} -> 250
B34: =ROW() - ROW($B$6) + 1 -> 29 | C34: Marc Arrebola Sans | D34: =IFERROR(VLOOKUP($C34,'Etapa 1 Rookie'!$E$3:$G$83,3,FALSE),0) -> 0 | E34: =IFERROR(VLOOKUP($C34,'Etapa 2 Rookie'!$E$3:$G$83,3,FALSE),0) -> 0 | F34: 0 | G34: 0 | H34: 0 | I34: 0 | J34: 0 | K34: 0 | L34: 0 | M34: 0 | N34: 0 | O34: 0 | P34: {=SUM(LARGE(D34:O34,{1;2;3;4;5;6;7;8}))} -> 0 | Q34: {=SUM(LARGE(CHOOSE({1,2,3,4,5,6,7,8,9,10}, D34, E34, F34, G34, H34, I34, J34, K34, L34, 250), {1,2,3,4,5,6,7}))} -> 250
B35: =ROW() - ROW($B$6) + 1 -> 30 | C35: Sergi Nerin Velasco | D35: =IFERROR(VLOOKUP($C35,'Etapa 1 Rookie'!$E$3:$G$83,3,FALSE),0) -> 0 | E35: =IFERROR(VLOOKUP($C35,'Etapa 2 Rookie'!$E$3:$G$83,3,FALSE),0) -> 0 | F35: 0 | G35: 0 | H35: 0 | I35: 0 | J35: 0 | K35: 0 | L35: 0 | M35: 0 | N35: 0 | O35: 0 | P35: {=SUM(LARGE(D35:O35,{1;2;3;4;5;6;7;8}))} -> 0 | Q35: {=SUM(LARGE(CHOOSE({1,2,3,4,5,6,7,8,9,10}, D35, E35, F35, G35, H35, I35, J35, K35, L35, 250), {1,2,3,4,5,6,7}))} -> 250
B36: =ROW() - ROW($B$7) + 1 -> 30 | C36: Lucía Bernuz Culebras | D36: =IFERROR(VLOOKUP($C36,'Etapa 1 Rookie'!$E$3:$G$83,3,FALSE),0) -> 0 | E36: =IFERROR(VLOOKUP($C36,'Etapa 2 Rookie'!$E$3:$G$83,3,FALSE),0) -> 0 | F36: 0 | G36: 0 | H36: 0 | I36: 0 | J36: 0 | K36: 0 | L36: 0 | M36: 0 | N36: 0 | O36: 0 | P36: {=SUM(LARGE(D36:O36,{1;2;3;4;5;6;7;8}))} -> 0 | Q36: {=SUM(LARGE(CHOOSE({1,2,3,4,5,6,7,8,9,10}, D36, E36, F36, G36, H36, I36, J36, K36, L36, 250), {1,2,3,4,5,6,7}))} -> 250
B37: =ROW() - ROW($B$6) + 1 -> 32 | C37: Joan Torre Rodríguez | D37: =IFERROR(VLOOKUP($C37,'Etapa 1 Rookie'!$E$3:$G$83,3,FALSE),0) -> 0 | E37: =IFERROR(VLOOKUP($C37,'Etapa 2 Rookie'!$E$3:$G$83,3,FALSE),0) -> 0 | F37: 0 | G37: 0 | H37: 0 | I37: 0 | J37: 0 | K37: 0 | L37: 0 | M37: 0 | N37: 0 | O37: 0 | P37: {=SUM(LARGE(D37:O37,{1;2;3;4;5;6;7;8}))} -> 0 | Q37: {=SUM(LARGE(CHOOSE({1,2,3,4,5,6,7,8,9,10}, D37, E37, F37, G37, H37, I37, J37, K37, L37, 250), {1,2,3,4,5,6,7}))} -> 250
B38: =ROW() - ROW($B$6) + 1 -> 33 | C38: Giacomo Bonacini | D38: =IFERROR(VLOOKUP($C38,'Etapa 1 Rookie'!$E$3:$G$83,3,FALSE),0) -> 0 | E38: =IFERROR(VLOOKUP($C38,'Etapa 2 Rookie'!$E$3:$G$83,3,FALSE),0) -> 0 | F38: 0 | G38: 0 | H38: 0 | I38: 0 | J38: 0 | K38: 0 | L38: 0 | M38: 0 | N38: 0 | O38: 0 | P38: {=SUM(LARGE(D38:O38,{1;2;3;4;5;6;7;8}))} -> 0 | Q38: {=SUM(LARGE(CHOOSE({1,2,3,4,5,6,7,8,9,10}, D38, E38, F38, G38, H38, I38, J38, K38, L38, 250), {1,2,3,4,5,6,7}))} -> 250
B39: =ROW() - ROW($B$6) + 1 -> 34 | C39: Pau Blas Molina | D39: =IFERROR(VLOOKUP($C39,'Etapa 1 Rookie'!$E$3:$G$83,3,FALSE),0) -> 0 | E39: =IFERROR(VLOOKUP($C39,'Etapa 2 Rookie'!$E$3:$G$83,3,FALSE),0) -> 0 | F39: 0 | G39: 0 | H39: 0 | I39: 0 | J39: 0 | K39: 0 | L39: 0 | M39: 0 | N39: 0 | O39: 0 | P39: {=SUM(LARGE(D39:O39,{1;2;3;4;5;6;7;8}))} -> 0 | Q39: {=SUM(LARGE(CHOOSE({1,2,3,4,5,6,7,8,9,10}, D39, E39, F39, G39, H39, I39, J39, K39, L39, 250), {1,2,3,4,5,6,7}))} -> 250
B40: =ROW() - ROW($B$7) + 1 -> 34 | C40: David Cortés Segura | D40: =IFERROR(VLOOKUP($C40,'Etapa 1 Rookie'!$E$3:$G$83,3,FALSE),0) -> 0 | E40: =IFERROR(VLOOKUP($C40,'Etapa 2 Rookie'!$E$3:$G$83,3,FALSE),0) -> 0 | F40: 0 | G40: 0 | H40: 0 | I40: 0 | J40: 0 | K40: 0 | L40: 0 | M40: 0 | N40: 0 | O40: 0 | P40: {=SUM(LARGE(D40:O40,{1;2;3;4;5;6;7;8}))} -> 0 | Q40: {=SUM(LARGE(CHOOSE({1,2,3,4,5,6,7,8,9,10}, D40, E40, F40, G40, H40, I40, J40, K40, L40, 250), {1,2,3,4,5,6,7}))} -> 250
B41: =ROW() - ROW($B$7) + 1 -> 35 | C41: Aleix Martínez Muñoz | D41: =IFERROR(VLOOKUP($C41,'Etapa 1 Rookie'!$E$3:$G$83,3,FALSE),0) -> 0 | E41: =IFERROR(VLOOKUP($C41,'Etapa 2 Rookie'!$E$3:$G$83,3,FALSE),0) -> 0 | F41: 0 | G41: 0 | H41: 0 | I41: 0 | J41: 0 | K41: 0 | L41: 0 | M41: 0 | N41: 0 | O41: 0 | P41: {=SUM(LARGE(D41:O41,{1;2;3;4;5;6;7;8}))} -> 0 | Q41: {=SUM(LARGE(CHOOSE({1,2,3,4,5,6,7,8,9,10}, D41, E41, F41, G41, H41, I41, J41, K41, L41, 250), {1,2,3,4,5,6,7}))} -> 250
B42: =ROW() - ROW($B$6) + 1 -> 37 | C42: Albert Arrebola Sans | D42: =IFERROR(VLOOKUP($C42,'Etapa 1 Rookie'!$E$3:$G$83,3,FALSE),0) -> 0 | E42: =IFERROR(VLOOKUP($C42,'Etapa 2 Rookie'!$E$3:$G$83,3,FALSE),0) -> 0 | F42: 0 | G42: 0 | H42: 0 | I42: 0 | J42: 0 | K42: 0 | L42: 0 | M42: 0 | N42: 0 | O42: 0 | P42: {=SUM(LARGE(D42:O42,{1;2;3;4;5;6;7;8}))} -> 0 | Q42: {=SUM(LARGE(CHOOSE({1,2,3,4,5,6,7,8,9,10}, D42, E42, F42, G42, H42, I42, J42, K42, L42, 250), {1,2,3,4,5,6,7}))} -> 250
B43: =ROW() - ROW($B$6) + 1 -> 38 | C43: Guillem Moya Niubó | D43: =IFERROR(VLOOKUP($C43,'Etapa 1 Rookie'!$E$3:$G$83,3,FALSE),0) -> 0 | E43: =IFERROR(VLOOKUP($C43,'Etapa 2 Rookie'!$E$3:$G$83,3,FALSE),0) -> 0 | F43: 0 | G43: 0 | H43: 0 | I43: 0 | J43: 0 | K43: 0 | L43: 0 | M43: 0 | N43: 0 | O43: 0 | P43: {=SUM(LARGE(D43:O43,{1;2;3;4;5;6;7;8}))} -> 0 | Q43: {=SUM(LARGE(CHOOSE({1,2,3,4,5,6,7,8,9,10}, D43, E43, F43, G43, H43, I43, J43, K43, L43, 250), {1,2,3,4,5,6,7}))} -> 250
B44: =ROW() - ROW($B$7) + 1 -> 38 | C44: Jack Cid | D44: =IFERROR(VLOOKUP($C44,'Etapa 1 Rookie'!$E$3:$G$83,3,FALSE),0) -> 0 | E44: =IFERROR(VLOOKUP($C44,'Etapa 2 Rookie'!$E$3:$G$83,3,FALSE),0) -> 0 | F44: 0 | G44: 0 | H44: 0 | I44: 0 | J44: 0 | K44: 0 | L44: 0 | M44: 0 | N44: 0 | O44: 0 | P44: {=SUM(LARGE(D44:O44,{1;2;3;4;5;6;7;8}))} -> 0 | Q44: {=SUM(LARGE(CHOOSE({1,2,3,4,5,6,7,8,9,10}, D44, E44, F44, G44, H44, I44, J44, K44, L44, 250), {1,2,3,4,5,6,7}))} -> 250
B45: =ROW() - ROW($B$7) + 1 -> 39 | C45: Jack Cid Barberá | D45: =IFERROR(VLOOKUP($C45,'Etapa 1 Rookie'!$E$3:$G$83,3,FALSE),0) -> 0 | E45: =IFERROR(VLOOKUP($C45,'Etapa 2 Rookie'!$E$3:$G$83,3,FALSE),0) -> 0 | F45: 0 | G45: 0 | H45: 0 | I45: 0 | J45: 0 | K45: 0 | L45: 0 | M45: 0 | N45: 0 | O45: 0 | P45: {=SUM(LARGE(D45:O45,{1;2;3;4;5;6;7;8}))} -> 0 | Q45: {=SUM(LARGE(CHOOSE({1,2,3,4,5,6,7,8,9,10}, D45, E45, F45, G45, H45, I45, J45, K45, L45, 250), {1,2,3,4,5,6,7}))} -> 250
B46: =ROW() - ROW($B$6) + 1 -> 41 | C46: David Gallego | D46: =IFERROR(VLOOKUP($C46,'Etapa 1 Rookie'!$E$3:$G$83,3,FALSE),0) -> 0 | E46: =IFERROR(VLOOKUP($C46,'Etapa 2 Rookie'!$E$3:$G$83,3,FALSE),0) -> 0 | F46: 0 | G46: 0 | H46: 0 | I46: 0 | J46: 0 | K46: 0 | L46: 0 | M46: 0 | N46: 0 | O46: 0 | P46: {=SUM(LARGE(D46:O46,{1;2;3;4;5;6;7;8}))} -> 0 | Q46: {=SUM(LARGE(CHOOSE({1,2,3,4,5,6,7,8,9,10}, D46, E46, F46, G46, H46, I46, J46, K46, L46, 250), {1,2,3,4,5,6,7}))} -> 250
B47: =ROW() - ROW($B$6) + 1 -> 42 | C47: David Rojo Dengra | D47: =IFERROR(VLOOKUP($C47,'Etapa 1 Rookie'!$E$3:$G$83,3,FALSE),0) -> 0 | E47: =IFERROR(VLOOKUP($C47,'Etapa 2 Rookie'!$E$3:$G$83,3,FALSE),0) -> 0 | F47: 0 | G47: 0 | H47: 0 | I47: 0 | J47: 0 | K47: 0 | L47: 0 | M47: 0 | N47: 0 | O47: 0 | P47: {=SUM(LARGE(D47:O47,{1;2;3;4;5;6;7;8}))} -> 0 | Q47: {=SUM(LARGE(CHOOSE({1,2,3,4,5,6,7,8,9,10}, D47, E47, F47, G47, H47, I47, J47, K47, L47, 250), {1,2,3,4,5,6,7}))} -> 250
B48: =ROW() - ROW($B$7) + 1 -> 42 | C48: Aitor Martin Maldonado | D48: =IFERROR(VLOOKUP($C48,'Etapa 1 Rookie'!$E$3:$G$83,3,FALSE),0) -> 0 | E48: =IFERROR(VLOOKUP($C48,'Etapa 2 Rookie'!$E$3:$G$83,3,FALSE),0) -> 0 | F48: 0 | G48: 0 | H48: 0 | I48: 0 | J48: 0 | K48: 0 | L48: 0 | M48: 0 | N48: 0 | O48: 0 | P48: {=SUM(LARGE(D48:O48,{1;2;3;4;5;6;7;8}))} -> 0 | Q48: {=SUM(LARGE(CHOOSE({1,2,3,4,5,6,7,8,9,10}, D48, E48, F48, G48, H48, I48, J48, K48, L48, 250), {1,2,3,4,5,6,7}))} -> 250
B49: =ROW() - ROW($B$6) + 1 -> 44 | C49: Xavier Altimira Gómez | D49: =IFERROR(VLOOKUP($C49,'Etapa 1 Rookie'!$E$3:$G$83,3,FALSE),0) -> 0 | E49: =IFERROR(VLOOKUP($C49,'Etapa 2 Rookie'!$E$3:$G$83,3,FALSE),0) -> 0 | F49: 0 | G49: 0 | H49: 0 | I49: 0 | J49: 0 | K49: 0 | L49: 0 | M49: 0 | N49: 0 | O49: 0 | P49: {=SUM(LARGE(D49:O49,{1;2;3;4;5;6;7;8}))} -> 0 | Q49: {=SUM(LARGE(CHOOSE({1,2,3,4,5,6,7,8,9,10}, D49, E49, F49, G49, H49, I49, J49, K49, L49, 250), {1,2,3,4,5,6,7}))} -> 250
B50: =ROW() - ROW($B$6) + 1 -> 45 | C50: adria alonso marti | D50: =IFERROR(VLOOKUP($C50,'Etapa 1 Rookie'!$E$3:$G$83,3,FALSE),0) -> 0 | E50: =IFERROR(VLOOKUP($C50,'Etapa 2 Rookie'!$E$3:$G$83,3,FALSE),0) -> 0 | F50: 0 | G50: 0 | H50: 0 | I50: 0 | J50: 0 | K50: 0 | L50: 0 | M50: 0 | N50: 0 | O50: 0 | P50: {=SUM(LARGE(D50:O50,{1;2;3;4;5;6;7;8}))} -> 0 | Q50: {=SUM(LARGE(CHOOSE({1,2,3,4,5,6,7,8,9,10}, D50, E50, F50, G50, H50, I50, J50, K50, L50, 250), {1,2,3,4,5,6,7}))} -> 250
B51: =ROW() - ROW($B$6) + 1 -> 46 | C51: cristian debon viñas | D51: =IFERROR(VLOOKUP($C51,'Etapa 1 Rookie'!$E$3:$G$83,3,FALSE),0) -> 0 | E51: =IFERROR(VLOOKUP($C51,'Etapa 2 Rookie'!$E$3:$G$83,3,FALSE),0) -> 0 | F51: 0 | G51: 0 | H51: 0 | I51: 0 | J51: 0 | K51: 0 | L51: 0 | M51: 0 | N51: 0 | O51: 0 | P51: {=SUM(LARGE(D51:O51,{1;2;3;4;5;6;7;8}))} -> 0 | Q51: {=SUM(LARGE(CHOOSE({1,2,3,4,5,6,7,8,9,10}, D51, E51, F51, G51, H51, I51, J51, K51, L51, 250), {1,2,3,4,5,6,7}))} -> 250
B52: =ROW() - ROW($B$6) + 1 -> 47 | C52: guillermo Beroy Álvarez | D52: =IFERROR(VLOOKUP($C52,'Etapa 1 Rookie'!$E$3:$G$83,3,FALSE),0) -> 0 | E52: =IFERROR(VLOOKUP($C52,'Etapa 2 Rookie'!$E$3:$G$83,3,FALSE),0) -> 0 | F52: 0 | G52: 0 | H52: 0 | I52: 0 | J52: 0 | K52: 0 | L52: 0 | M52: 0 | N52: 0 | O52: 0 | P52: {=SUM(LARGE(D52:O52,{1;2;3;4;5;6;7;8}))} -> 0 | Q52: {=SUM(LARGE(CHOOSE({1,2,3,4,5,6,7,8,9,10}, D52, E52, F52, G52, H52, I52, J52, K52, L52, 250), {1,2,3,4,5,6,7}))} -> 250

Sheet Ranking Plata
B4: RANKING PLATA
B6: Posicion | C6: FOOTGOLFER NICKNAME | D6: Etapa 1 | E6: Etapa 2 | F6: Etapa 3 | G6: Etapa 4 | H6: Etapa 5 | I6: Total | J6: Maxima puntuacion posible
B7: =ROW() - ROW($B$7) + 1 -> 1 | C7: Sergi Pahisa | D7: =IFERROR(VLOOKUP($C7,'Etapa 1 Plata'!$E$3:$G$102,3,FALSE),0) -> 250 | E7: =IFERROR(VLOOKUP($C7,'Etapa 2 Plata'!$E$3:$G$102,3,FALSE),0) -> 180 | F7: =IFERROR(VLOOKUP($C7,'Etapa 3 Plata'!$E$3:$G$102,3,FALSE),0) -> 230 | G7: =IFERROR(VLOOKUP($C7,'Etapa 4 Plata'!$E$3:$G$100,3,FALSE),0) -> 475 | H7: =IFERROR(VLOOKUP($C7,'Etapa 5 Plata'!$E$3:$G$100,3,FALSE),0) -> 200 | I7: {=SUM(LARGE(D7:H7,{1;2;3}))} -> 955 | J7: {=SUM(LARGE(CHOOSE({1,2,3,4,5},Tabla156[[#This Row],[Etapa 1]],Tabla156[[#This Row],[Etapa 2]],Tabla156[[#This Row],[Etapa 3]],Tabla156[[#This Row],[Etapa 4]],IF(Tabla156[[#This Row],[Etapa 5]]=0,250,Tabla156[[#This Row],[Etapa 5]])),{1,2,3}))} -> 955
B8: =ROW() - ROW($B$7) + 1 -> 2 | C8: ivan luengo robles | D8: =IFERROR(VLOOKUP($C8,'Etapa 1 Plata'!$E$3:$G$102,3,FALSE),0) -> 215 | E8: =IFERROR(VLOOKUP($C8,'Etapa 2 Plata'!$E$3:$G$102,3,FALSE),0) -> 215 | F8: =IFERROR(VLOOKUP($C8,'Etapa 3 Plata'!$E$3:$G$102,3,FALSE),0) -> 0 | G8: =IFERROR(VLOOKUP($C8,'Etapa 4 Plata'!$E$3:$G$100,3,FALSE),0) -> 500 | H8: =IFERROR(VLOOKUP($C8,'Etapa 5 Plata'!$E$3:$G$100,3,FALSE),0) -> 230 | I8: {=SUM(LARGE(D8:H8,{1;2;3}))} -> 945 | J8: {=SUM(LARGE(CHOOSE({1,2,3,4,5},Tabla156[[#This Row],[Etapa 1]],Tabla156[[#This Row],[Etapa 2]],Tabla156[[#This Row],[Etapa 3]],Tabla156[[#This Row],[Etapa 4]],IF(Tabla156[[#This Row],[Etapa 5]]=0,250,Tabla156[[#This Row],[Etapa 5]])),{1,2,3}))} -> 945 | M8: Primero | N8: Pahisa
B9: =ROW() - ROW($B$7) + 1 -> 3 | C9: Daniel Abril Amador | D9: =IFERROR(VLOOKUP($C9,'Etapa 1 Plata'!$E$3:$G$102,3,FALSE),0) -> 180 | E9: =IFERROR(VLOOKUP($C9,'Etapa 2 Plata'!$E$3:$G$102,3,FALSE),0) -> 170 | F9: =IFERROR(VLOOKUP($C9,'Etapa 3 Plata'!$E$3:$G$102,3,FALSE),0) -> 215 | G9: =IFERROR(VLOOKUP($C9,'Etapa 4 Plata'!$E$3:$G$100,3,FALSE),0) -> 450 | H9: =IFERROR(VLOOKUP($C9,'Etapa 5 Plata'!$E$3:$G$100,3,FALSE),0) -> 250 | I9: {=SUM(LARGE(D9:H9,{1;2;3}))} -> 915 | J9: {=SUM(LARGE(CHOOSE({1,2,3,4,5},Tabla156[[#This Row],[Etapa 1]],Tabla156[[#This Row],[Etapa 2]],Tabla156[[#This Row],[Etapa 3]],Tabla156[[#This Row],[Etapa 4]],IF(Tabla156[[#This Row],[Etapa 5]]=0,250,Tabla156[[#This Row],[Etapa 5]])),{1,2,3}))} -> 915 | M9: Segundo | N9: Ivan Luengo
B10: =ROW() - ROW($B$7) + 1 -> 4 | C10: Mario Morón Sancho | D10: =IFERROR(VLOOKUP($C10,'Etapa 1 Plata'!$E$3:$G$102,3,FALSE),0) -> 190 | E10: =IFERROR(VLOOKUP($C10,'Etapa 2 Plata'!$E$3:$G$102,3,FALSE),0) -> 230 | F10: =IFERROR(VLOOKUP($C10,'Etapa 3 Plata'!$E$3:$G$102,3,FALSE),0) -> 190 | G10: =IFERROR(VLOOKUP($C10,'Etapa 4 Plata'!$E$3:$G$100,3,FALSE),0) -> 425 | H10: =IFERROR(VLOOKUP($C10,'Etapa 5 Plata'!$E$3:$G$100,3,FALSE),0) -> 170 | I10: {=SUM(LARGE(D10:H10,{1;2;3}))} -> 845 | J10: {=SUM(LARGE(CHOOSE({1,2,3,4,5},Tabla156[[#This Row],[Etapa 1]],Tabla156[[#This Row],[Etapa 2]],Tabla156[[#This Row],[Etapa 3]],Tabla156[[#This Row],[Etapa 4]],IF(Tabla156[[#This Row],[Etapa 5]]=0,250,Tabla156[[#This Row],[Etapa 5]])),{1,2,3}))} -> 845 | M10: Tercero | N10: Daniel Abril
B11: =ROW() - ROW($B$7) + 1 -> 5 | C11: Marc Company Salvat | D11: =IFERROR(VLOOKUP($C11,'Etapa 1 Plata'!$E$3:$G$102,3,FALSE),0) -> 230 | E11: =IFERROR(VLOOKUP($C11,'Etapa 2 Plata'!$E$3:$G$102,3,FALSE),0) -> 140 | F11: =IFERROR(VLOOKUP($C11,'Etapa 3 Plata'!$E$3:$G$102,3,FALSE),0) -> 180 | G11: =IFERROR(VLOOKUP($C11,'Etapa 4 Plata'!$E$3:$G$100,3,FALSE),0) -> 400 | H11: =IFERROR(VLOOKUP($C11,'Etapa 5 Plata'!$E$3:$G$100,3,FALSE),0) -> 180 | I11: {=SUM(LARGE(D11:H11,{1;2;3}))} -> 810 | J11: {=SUM(LARGE(CHOOSE({1,2,3,4,5},Tabla156[[#This Row],[Etapa 1]],Tabla156[[#This Row],[Etapa 2]],Tabla156[[#This Row],[Etapa 3]],Tabla156[[#This Row],[Etapa 4]],IF(Tabla156[[#This Row],[Etapa 5]]=0,250,Tabla156[[#This Row],[Etapa 5]])),{1,2,3}))} -> 810 | N11: Ivan
B12: =ROW() - ROW($B$7) + 1 -> 6 | C12: Fernando Martínez Guillamón | D12: =IFERROR(VLOOKUP($C12,'Etapa 1 Plata'!$E$3:$G$102,3,FALSE),0) -> 170 | E12: =IFERROR(VLOOKUP($C12,'Etapa 2 Plata'!$E$3:$G$102,3,FALSE),0) -> 150 | F12: =IFERROR(VLOOKUP($C12,'Etapa 3 Plata'!$E$3:$G$102,3,FALSE),0) -> 160 | G12: =IFERROR(VLOOKUP($C12,'Etapa 4 Plata'!$E$3:$G$100,3,FALSE),0) -> 375 | H12: =IFERROR(VLOOKUP($C12,'Etapa 5 Plata'!$E$3:$G$100,3,FALSE),0) -> 190 | I12: {=SUM(LARGE(D12:H12,{1;2;3}))} -> 735 | J12: {=SUM(LARGE(CHOOSE({1,2,3,4,5},Tabla156[[#This Row],[Etapa 1]],Tabla156[[#This Row],[Etapa 2]],Tabla156[[#This Row],[Etapa 3]],Tabla156[[#This Row],[Etapa 4]],IF(Tabla156[[#This Row],[Etapa 5]]=0,250,Tabla156[[#This Row],[Etapa 5]])),{1,2,3}))} -> 735 | N12: Pahia
B13: =ROW() - ROW($B$7) + 1 -> 7 | C13: Gastón Masuck Cardozo | D13: =IFERROR(VLOOKUP($C13,'Etapa 1 Plata'!$E$3:$G$102,3,FALSE),0) -> 0 | E13: =IFERROR(VLOOKUP($C13,'Etapa 2 Plata'!$E$3:$G$102,3,FALSE),0) -> 250 | F13: =IFERROR(VLOOKUP($C13,'Etapa 3 Plata'!$E$3:$G$102,3,FALSE),0) -> 250 | G13: =IFERROR(VLOOKUP($C13,'Etapa 4 Plata'!$E$3:$G$100,3,FALSE),0) -> 0 | H13: =IFERROR(VLOOKUP($C13,'Etapa 5 Plata'!$E$3:$G$100,3,FALSE),0) -> 0 | I13: {=SUM(LARGE(D13:H13,{1;2;3}))} -> 500 | J13: {=SUM(LARGE(CHOOSE({1,2,3,4,5},Tabla156[[#This Row],[Etapa 1]],Tabla156[[#This Row],[Etapa 2]],Tabla156[[#This Row],[Etapa 3]],Tabla156[[#This Row],[Etapa 4]],IF(Tabla156[[#This Row],[Etapa 5]]=0,250,Tabla156[[#This Row],[Etapa 5]])),{1,2,3}))} -> 750 | N13: Morion
B14: =ROW() - ROW($B$7) + 1 -> 8 | C14: David Cortés Segura | D14: =IFERROR(VLOOKUP($C14,'Etapa 1 Plata'!$E$3:$G$102,3,FALSE),0) -> 0 | E14: =IFERROR(VLOOKUP($C14,'Etapa 2 Plata'!$E$3:$G$102,3,FALSE),0) -> 130 | F14: =IFERROR(VLOOKUP($C14,'Etapa 3 Plata'!$E$3:$G$102,3,FALSE),0) -> 170 | G14: =IFERROR(VLOOKUP($C14,'Etapa 4 Plata'!$E$3:$G$100,3,FALSE),0) -> 0 | H14: =IFERROR(VLOOKUP($C14,'Etapa 5 Plata'!$E$3:$G$100,3,FALSE),0) -> 150 | I14: {=SUM(LARGE(D14:H14,{1;2;3}))} -> 450 | J14: {=SUM(LARGE(CHOOSE({1,2,3,4,5},Tabla156[[#This Row],[Etapa 1]],Tabla156[[#This Row],[Etapa 2]],Tabla156[[#This Row],[Etapa 3]],Tabla156[[#This Row],[Etapa 4]],IF(Tabla156[[#This Row],[Etapa 5]]=0,250,Tabla156[[#This Row],[Etapa 5]])),{1,2,3}))} -> 450 | N14: Marc
B15: =ROW() - ROW($B$7) + 1 -> 9 | C15: Marc Arrebola Sans | D15: =IFERROR(VLOOKUP($C15,'Etapa 1 Plata'!$E$3:$G$102,3,FALSE),0) -> 200 | E15: =IFERROR(VLOOKUP($C15,'Etapa 2 Plata'!$E$3:$G$102,3,FALSE),0) -> 160 | F15: =IFERROR(VLOOKUP($C15,'Etapa 3 Plata'!$E$3:$G$102,3,FALSE),0) -> 0 | G15: =IFERROR(VLOOKUP($C15,'Etapa 4 Plata'!$E$3:$G$100,3,FALSE),0) -> 0 | H15: =IFERROR(VLOOKUP($C15,'Etapa 5 Plata'!$E$3:$G$100,3,FALSE),0) -> 0 | I15: {=SUM(LARGE(D15:H15,{1;2;3}))} -> 360 | J15: {=SUM(LARGE(CHOOSE({1,2,3,4,5},Tabla156[[#This Row],[Etapa 1]],Tabla156[[#This Row],[Etapa 2]],Tabla156[[#This Row],[Etapa 3]],Tabla156[[#This Row],[Etapa 4]],IF(Tabla156[[#This Row],[Etapa 5]]=0,250,Tabla156[[#This Row],[Etapa 5]])),{1,2,3}))} -> 610
B16: =ROW() - ROW($B$7) + 1 -> 10 | C16: Joan Torre Rodríguez | D16: =IFERROR(VLOOKUP($C16,'Etapa 1 Plata'!$E$3:$G$102,3,FALSE),0) -> 0 | E16: =IFERROR(VLOOKUP($C16,'Etapa 2 Plata'!$E$3:$G$102,3,FALSE),0) -> 115 | F16: =IFERROR(VLOOKUP($C16,'Etapa 3 Plata'!$E$3:$G$102,3,FALSE),0) -> 150 | G16: =IFERROR(VLOOKUP($C16,'Etapa 4 Plata'!$E$3:$G$100,3,FALSE),0) -> 0 | H16: =IFERROR(VLOOKUP($C16,'Etapa 5 Plata'!$E$3:$G$100,3,FALSE),0) -> 0 | I16: {=SUM(LARGE(D16:H16,{1;2;3}))} -> 265 | J16: {=SUM(LARGE(CHOOSE({1,2,3,4,5},Tabla156[[#This Row],[Etapa 1]],Tabla156[[#This Row],[Etapa 2]],Tabla156[[#This Row],[Etapa 3]],Tabla156[[#This Row],[Etapa 4]],IF(Tabla156[[#This Row],[Etapa 5]]=0,250,Tabla156[[#This Row],[Etapa 5]])),{1,2,3}))} -> 515
B17: =ROW() - ROW($B$7) + 1 -> 11 | C17: Aleix Martínez Muñoz | D17: =IFERROR(VLOOKUP($C17,'Etapa 1 Plata'!$E$3:$G$102,3,FALSE),0) -> 160 | E17: =IFERROR(VLOOKUP($C17,'Etapa 2 Plata'!$E$3:$G$102,3,FALSE),0) -> 100 | F17: =IFERROR(VLOOKUP($C17,'Etapa 3 Plata'!$E$3:$G$102,3,FALSE),0) -> 0 | G17: =IFERROR(VLOOKUP($C17,'Etapa 4 Plata'!$E$3:$G$100,3,FALSE),0) -> 0 | H17: =IFERROR(VLOOKUP($C17,'Etapa 5 Plata'!$E$3:$G$100,3,FALSE),0) -> 0 | I17: {=SUM(LARGE(D17:H17,{1;2;3}))} -> 260 | J17: {=SUM(LARGE(CHOOSE({1,2,3,4,5},Tabla156[[#This Row],[Etapa 1]],Tabla156[[#This Row],[Etapa 2]],Tabla156[[#This Row],[Etapa 3]],Tabla156[[#This Row],[Etapa 4]],IF(Tabla156[[#This Row],[Etapa 5]]=0,250,Tabla156[[#This Row],[Etapa 5]])),{1,2,3}))} -> 510
B18: =ROW() - ROW($B$7) + 1 -> 12 | C18: Juan Medina | D18: =IFERROR(VLOOKUP($C18,'Etapa 1 Plata'!$E$3:$G$102,3,FALSE),0) -> 0 | E18: =IFERROR(VLOOKUP($C18,'Etapa 2 Plata'!$E$3:$G$102,3,FALSE),0) -> 115 | F18: =IFERROR(VLOOKUP($C18,'Etapa 3 Plata'!$E$3:$G$102,3,FALSE),0) -> 140 | G18: =IFERROR(VLOOKUP($C18,'Etapa 4 Plata'!$E$3:$G$100,3,FALSE),0) -> 0 | H18: =IFERROR(VLOOKUP($C18,'Etapa 5 Plata'!$E$3:$G$100,3,FALSE),0) -> 0 | I18: {=SUM(LARGE(D18:H18,{1;2;3}))} -> 255 | J18: {=SUM(LARGE(CHOOSE({1,2,3,4,5},Tabla156[[#This Row],[Etapa 1]],Tabla156[[#This Row],[Etapa 2]],Tabla156[[#This Row],[Etapa 3]],Tabla156[[#This Row],[Etapa 4]],IF(Tabla156[[#This Row],[Etapa 5]]=0,250,Tabla156[[#This Row],[Etapa 5]])),{1,2,3}))} -> 505
B19: =ROW() - ROW($B$7) + 1 -> 13 | C19: David Rojo Dengra | D19: =IFERROR(VLOOKUP($C19,'Etapa 1 Plata'!$E$3:$G$102,3,FALSE),0) -> 0 | E19: =IFERROR(VLOOKUP($C19,'Etapa 2 Plata'!$E$3:$G$102,3,FALSE),0) -> 95 | F19: =IFERROR(VLOOKUP($C19,'Etapa 3 Plata'!$E$3:$G$102,3,FALSE),0) -> 0 | G19: =IFERROR(VLOOKUP($C19,'Etapa 4 Plata'!$E$3:$G$100,3,FALSE),0) -> 0 | H19: =IFERROR(VLOOKUP($C19,'Etapa 5 Plata'!$E$3:$G$100,3,FALSE),0) -> 160 | I19: {=SUM(LARGE(D19:H19,{1;2;3}))} -> 255 | J19: {=SUM(LARGE(CHOOSE({1,2,3,4,5},Tabla156[[#This Row],[Etapa 1]],Tabla156[[#This Row],[Etapa 2]],Tabla156[[#This Row],[Etapa 3]],Tabla156[[#This Row],[Etapa 4]],IF(Tabla156[[#This Row],[Etapa 5]]=0,250,Tabla156[[#This Row],[Etapa 5]])),{1,2,3}))} -> 255
B20: =ROW() - ROW($B$7) + 1 -> 14 | C20: Aitor Martin Maldonado | D20: =IFERROR(VLOOKUP($C20,'Etapa 1 Plata'!$E$3:$G$102,3,FALSE),0) -> 0 | E20: =IFERROR(VLOOKUP($C20,'Etapa 2 Plata'!$E$3:$G$102,3,FALSE),0) -> 195 | F20: =IFERROR(VLOOKUP($C20,'Etapa 3 Plata'!$E$3:$G$102,3,FALSE),0) -> 0 | G20: =IFERROR(VLOOKUP($C20,'Etapa 4 Plata'!$E$3:$G$100,3,FALSE),0) -> 0 | H20: =IFERROR(VLOOKUP($C20,'Etapa 5 Plata'!$E$3:$G$100,3,FALSE),0) -> 0 | I20: {=SUM(LARGE(D20:H20,{1;2;3}))} -> 195 | J20: {=SUM(LARGE(CHOOSE({1,2,3,4,5},Tabla156[[#This Row],[Etapa 1]],Tabla156[[#This Row],[Etapa 2]],Tabla156[[#This Row],[Etapa 3]],Tabla156[[#This Row],[Etapa 4]],IF(Tabla156[[#This Row],[Etapa 5]]=0,250,Tabla156[[#This Row],[Etapa 5]])),{1,2,3}))} -> 445
B21: =ROW() - ROW($B$7) + 1 -> 15 | C21: Albert Arrebola Sans | D21: =IFERROR(VLOOKUP($C21,'Etapa 1 Plata'!$E$3:$G$102,3,FALSE),0) -> 0 | E21: =IFERROR(VLOOKUP($C21,'Etapa 2 Plata'!$E$3:$G$102,3,FALSE),0) -> 195 | F21: =IFERROR(VLOOKUP($C21,'Etapa 3 Plata'!$E$3:$G$102,3,FALSE),0) -> 0 | G21: =IFERROR(VLOOKUP($C21,'Etapa 4 Plata'!$E$3:$G$100,3,FALSE),0) -> 0 | H21: =IFERROR(VLOOKUP($C21,'Etapa 5 Plata'!$E$3:$G$100,3,FALSE),0) -> 0 | I21: {=SUM(LARGE(D21:H21,{1;2;3}))} -> 195 | J21: {=SUM(LARGE(CHOOSE({1,2,3,4,5},Tabla156[[#This Row],[Etapa 1]],Tabla156[[#This Row],[Etapa 2]],Tabla156[[#This Row],[Etapa 3]],Tabla156[[#This Row],[Etapa 4]],IF(Tabla156[[#This Row],[Etapa 5]]=0,250,Tabla156[[#This Row],[Etapa 5]])),{1,2,3}))} -> 445

Sheet Etapa 1 Masculino
B2: Posicion | C2: FOOTGOLFER NICKNAME | D2: CATEGORÍA INSCRITA | E2: FOOTGOLFER NOMBRE_COMPLETO | F2: TPAR | G2: Puntos
B3: =COUNTIFS($F$3:$F$967,"<"&$F3)+1 -> 1 | C3: J. Santiago | D3: Caballeros | E3: Jorge Santiago Buqueras | F3: -3 | G3: =_xlfn.LET( _xlpm.pos, B3, _xlpm.count_pos, COUNTIF($B$2:$B$979, _xlpm.pos), _xlpm.start_pos, _xlpm.pos, _xlpm.end_pos, _xlpm.pos + _xlpm.count_pos - 1, _xlpm.points_range, INDEX(Puntuacion!$B$2:$B$1000, _xlpm.start_pos):INDEX(Puntuacion!$B$2:$B$1000, _xlpm.end_pos), AVERAGE(_xlpm.points_range) ) -> 250
B4: =COUNTIFS($F$3:$F$967,"<"&$F4)+1 -> 2 | C4: X. Leiva | D4: Caballeros | E4: Xavi Leiva Cañada | F4: -2 | G4: =_xlfn.LET( _xlpm.pos, B4, _xlpm.count_pos, COUNTIF($B$2:$B$979, _xlpm.pos), _xlpm.start_pos, _xlpm.pos, _xlpm.end_pos, _xlpm.pos + _xlpm.count_pos - 1, _xlpm.points_range, INDEX(Puntuacion!$B$2:$B$1000, _xlpm.start_pos):INDEX(Puntuacion!$B$2:$B$1000, _xlpm.end_pos), AVERAGE(_xlpm.points_range) ) -> 230
B5: =COUNTIFS($F$3:$F$967,"<"&$F5)+1 -> 3 | C5: C. Guillamon | D5: Caballeros | E5: Chema Martínez Guillamon | F5: 2 | G5: =_xlfn.LET( _xlpm.pos, B5, _xlpm.count_pos, COUNTIF($B$2:$B$979, _xlpm.pos), _xlpm.start_pos, _xlpm.pos, _xlpm.end_pos, _xlpm.pos + _xlpm.count_pos - 1, _xlpm.points_range, INDEX(Puntuacion!$B$2:$B$1000, _xlpm.start_pos):INDEX(Puntuacion!$B$2:$B$1000, _xlpm.end_pos), AVERAGE(_xlpm.points_range) ) -> 215
B6: 5 | C6: O. Tressens | D6: Senior 45 + | E6: Olivier Tressens | F6: 2 | G6: =_xlfn.LET( _xlpm.pos, B6, _xlpm.count_pos, COUNTIF($B$2:$B$979, _xlpm.pos), _xlpm.start_pos, _xlpm.pos, _xlpm.end_pos, _xlpm.pos + _xlpm.count_pos - 1, _xlpm.points_range, INDEX(Puntuacion!$B$2:$B$1000, _xlpm.start_pos):INDEX(Puntuacion!$B$2:$B$1000, _xlpm.end_pos), AVERAGE(_xlpm.points_range) ) -> 190
B7: 4 | C7: S. Pahisa | D7: Caballeros | E7: Sergi Pahisa | F7: 2 | G7: =_xlfn.LET( _xlpm.pos, B7, _xlpm.count_pos, COUNTIF($B$2:$B$979, _xlpm.pos), _xlpm.start_pos, _xlpm.pos, _xlpm.end_pos, _xlpm.pos + _xlpm.count_pos - 1, _xlpm.points_range, INDEX(Puntuacion!$B$2:$B$1000, _xlpm.start_pos):INDEX(Puntuacion!$B$2:$B$1000, _xlpm.end_pos), AVERAGE(_xlpm.points_range) ) -> 200
B8: =COUNTIFS($F$3:$F$967,"<"&$F8)+1 -> 6 | C8: J. Perez | D8: Caballeros | E8: JuanRa Perez | F8: 3 | G8: =_xlfn.LET( _xlpm.pos, B8, _xlpm.count_pos, COUNTIF($B$2:$B$979, _xlpm.pos), _xlpm.start_pos, _xlpm.pos, _xlpm.end_pos, _xlpm.pos + _xlpm.count_pos - 1, _xlpm.points_range, INDEX(Puntuacion!$B$2:$B$1000, _xlpm.start_pos):INDEX(Puntuacion!$B$2:$B$1000, _xlpm.end_pos), AVERAGE(_xlpm.points_range) ) -> 180
B9: =COUNTIFS($F$3:$F$967,"<"&$F9)+1 -> 7 | C9: A. Leiva | D9: Caballeros | E9: Alberto Leiva cañada | F9: 5 | G9: =_xlfn.LET( _xlpm.pos, B9, _xlpm.count_pos, COUNTIF($B$2:$B$979, _xlpm.pos), _xlpm.start_pos, _xlpm.pos, _xlpm.end_pos, _xlpm.pos + _xlpm.count_pos - 1, _xlpm.points_range, INDEX(Puntuacion!$B$2:$B$1000, _xlpm.start_pos):INDEX(Puntuacion!$B$2:$B$1000, _xlpm.end_pos), AVERAGE(_xlpm.points_range) ) -> 170
B10: =COUNTIFS($F$3:$F$967,"<"&$F10)+1 -> 8 | C10: S. Perez | D10: Caballeros | E10: Sergi Perez Vilar | F10: 7 | G10: =_xlfn.LET( _xlpm.pos, B10, _xlpm.count_pos, COUNTIF($B$2:$B$979, _xlpm.pos), _xlpm.start_pos, _xlpm.pos, _xlpm.end_pos, _xlpm.pos + _xlpm.count_pos - 1, _xlpm.points_range, INDEX(Puntuacion!$B$2:$B$1000, _xlpm.start_pos):INDEX(Puntuacion!$B$2:$B$1000, _xlpm.end_pos), AVERAGE(_xlpm.points_range) ) -> 160
B11: =COUNTIFS($F$3:$F$967,"<"&$F11)+1 -> 9 | C11: David Tellez Viana | D11: Caballeros | E11: David Tellez Viana | F11: 8 | G11: =_xlfn.LET( _xlpm.pos, B11, _xlpm.count_pos, COUNTIF($B$2:$B$979, _xlpm.pos), _xlpm.start_pos, _xlpm.pos, _xlpm.end_pos, _xlpm.pos + _xlpm.count_pos - 1, _xlpm.points_range, INDEX(Puntuacion!$B$2:$B$1000, _xlpm.start_pos):INDEX(Puntuacion!$B$2:$B$1000, _xlpm.end_pos), AVERAGE(_xlpm.points_range) ) -> 145
B12: =COUNTIFS($F$3:$F$967,"<"&$F12)+1 -> 9 | C12: N. Perra | D12: Caballeros | E12: Nicola Perra | F12: 8 | G12: =_xlfn.LET( _xlpm.pos, B12, _xlpm.count_pos, COUNTIF($B$2:$B$979, _xlpm.pos), _xlpm.start_pos, _xlpm.pos, _xlpm.end_pos, _xlpm.pos + _xlpm.count_pos - 1, _xlpm.points_range, INDEX(Puntuacion!$B$2:$B$1000, _xlpm.start_pos):INDEX(Puntuacion!$B$2:$B$1000, _xlpm.end_pos), AVERAGE(_xlpm.points_range) ) -> 145
B13: =COUNTIFS($F$3:$F$967,"<"&$F13)+1 -> 11 | C13: G. Masuck | D13: Caballeros | E13: Gastón Masuck Cardozo | F13: 9 | G13: =_xlfn.LET( _xlpm.pos, B13, _xlpm.count_pos, COUNTIF($B$2:$B$979, _xlpm.pos), _xlpm.start_pos, _xlpm.pos, _xlpm.end_pos, _xlpm.pos + _xlpm.count_pos - 1, _xlpm.points_range, INDEX(Puntuacion!$B$2:$B$1000, _xlpm.start_pos):INDEX(Puntuacion!$B$2:$B$1000, _xlpm.end_pos), AVERAGE(_xlpm.points_range) ) -> 125
B14: =COUNTIFS($F$3:$F$967,"<"&$F14)+1 -> 11 | C14: M. Morón | D14: Caballeros | E14: Mario Morón Sancho | F14: 9 | G14: =_xlfn.LET( _xlpm.pos, B14, _xlpm.count_pos, COUNTIF($B$2:$B$979, _xlpm.pos), _xlpm.start_pos, _xlpm.pos, _xlpm.end_pos, _xlpm.pos + _xlpm.count_pos - 1, _xlpm.points_range, INDEX(Puntuacion!$B$2:$B$1000, _xlpm.start_pos):INDEX(Puntuacion!$B$2:$B$1000, _xlpm.end_pos), AVERAGE(_xlpm.points_range) ) -> 125
B15: =COUNTIFS($F$3:$F$967,"<"&$F15)+1 -> 13 | C15: I. Luengo | D15: Caballeros | E15: ivan luengo robles | F15: 10 | G15: =_xlfn.LET( _xlpm.pos, B15, _xlpm.count_pos, COUNTIF($B$2:$B$979, _xlpm.pos), _xlpm.start_pos, _xlpm.pos, _xlpm.end_pos, _xlpm.pos + _xlpm.count_pos - 1, _xlpm.points_range, INDEX(Puntuacion!$B$2:$B$1000, _xlpm.start_pos):INDEX(Puntuacion!$B$2:$B$1000, _xlpm.end_pos), AVERAGE(_xlpm.points_range) ) -> 105
B16: =COUNTIFS($F$3:$F$967,"<"&$F16)+1 -> 13 | C16: R. Linares | D16: Senior 45 + | E16: Raúl Linares Ramos | F16: 10 | G16: =_xlfn.LET( _xlpm.pos, B16, _xlpm.count_pos, COUNTIF($B$2:$B$979, _xlpm.pos), _xlpm.start_pos, _xlpm.pos, _xlpm.end_pos, _xlpm.pos + _xlpm.count_pos - 1, _xlpm.points_range, INDEX(Puntuacion!$B$2:$B$1000, _xlpm.start_pos):INDEX(Puntuacion!$B$2:$B$1000, _xlpm.end_pos), AVERAGE(_xlpm.points_range) ) -> 105
B17: =COUNTIFS($F$3:$F$967,"<"&$F17)+1 -> 15 | C17: G. Verse | D17: Senior 55 + | E17: Gustavo Verse | F17: 12 | G17: =_xlfn.LET( _xlpm.pos, B17, _xlpm.count_pos, COUNTIF($B$2:$B$979, _xlpm.pos), _xlpm.start_pos, _xlpm.pos, _xlpm.end_pos, _xlpm.pos + _xlpm.count_pos - 1, _xlpm.points_range, INDEX(Puntuacion!$B$2:$B$1000, _xlpm.start_pos):INDEX(Puntuacion!$B$2:$B$1000, _xlpm.end_pos), AVERAGE(_xlpm.points_range) ) -> 95
B18: =COUNTIFS($F$3:$F$967,"<"&$F18)+1 -> 16 | C18: F. Martínez2107 | D18: Senior 45 + | E18: Fernando Martínez Guillamón | F18: 13 | G18: =_xlfn.LET( _xlpm.pos, B18, _xlpm.count_pos, COUNTIF($B$2:$B$979, _xlpm.pos), _xlpm.start_pos, _xlpm.pos, _xlpm.end_pos, _xlpm.pos + _xlpm.count_pos - 1, _xlpm.points_range, INDEX(Puntuacion!$B$2:$B$1000, _xlpm.start_pos):INDEX(Puntuacion!$B$2:$B$1000, _xlpm.end_pos), AVERAGE(_xlpm.points_range) ) -> 90
B19: =COUNTIFS($F$3:$F$967,"<"&$F19)+1 -> 17 | C19: D. Abril | D19: Caballeros | E19: Daniel Abril Amador | F19: 17 | G19: =_xlfn.LET( _xlpm.pos, B19, _xlpm.count_pos, COUNTIF($B$2:$B$979, _xlpm.pos), _xlpm.start_pos, _xlpm.pos, _xlpm.end_pos, _xlpm.pos + _xlpm.count_pos - 1, _xlpm.points_range, INDEX(Puntuacion!$B$2:$B$1000, _xlpm.start_pos):INDEX(Puntuacion!$B$2:$B$1000, _xlpm.end_pos), AVERAGE(_xlpm.points_range) ) -> 85
... B22: =COUNTIFS($F$3:$F$967,"<"&$F22)+1 -> 20 | C22: L. Rubinacci | D22: Caballeros | E22: Luca Rubinacci | F22: 34 | G22: =_xlfn.LET( _xlpm.pos, B22, _xlpm.count_pos, COUNTIF($B$2:$B$979, _xlpm.pos), _xlpm.start_pos, _xlpm.pos, _xlpm.end_pos, _xlpm.pos + _xlpm.count_pos - 1, _xlpm.points_range, INDEX(Puntuacion!$B$2:$B$1000, _xlpm.start_pos):INDEX(Puntuacion!$B$2:$B$1000, _xlpm.end_pos), AVERAGE(_xlpm.points_range) ) -> 70

Sheet Etapa 1 Senior
B2: Posicion | C2: FOOTGOLFER NICKNAME | D2: CATEGORÍA INSCRITA | E2: FOOTGOLFER NOMBRE_COMPLETO | F2: TPAR | G2: Puntos
B3: =COUNTIFS($F$3:$F$951,"<"&$F3)+1 -> 1 | C3: O. Tressens | D3: Senior 45 + | E3: Olivier Tressens | F3: 2 | G3: =_xlfn.LET( _xlpm.pos, B3, _xlpm.count_pos, COUNTIF($B$2:$B$979, _xlpm.pos), _xlpm.start_pos, _xlpm.pos, _xlpm.end_pos, _xlpm.pos + _xlpm.count_pos - 1, _xlpm.points_range, INDEX(Puntuacion!$B$2:$B$1000, _xlpm.start_pos):INDEX(Puntuacion!$B$2:$B$1000, _xlpm.end_pos), AVERAGE(_xlpm.points_range) ) -> 250
B4: =COUNTIFS($F$3:$F$951,"<"&$F4)+1 -> 2 | C4: R. Linares | D4: Senior 45 + | E4: Raúl Linares Ramos | F4: 10 | G4: =_xlfn.LET( _xlpm.pos, B4, _xlpm.count_pos, COUNTIF($B$2:$B$979, _xlpm.pos), _xlpm.start_pos, _xlpm.pos, _xlpm.end_pos, _xlpm.pos + _xlpm.count_pos - 1, _xlpm.points_range, INDEX(Puntuacion!$B$2:$B$1000, _xlpm.start_pos):INDEX(Puntuacion!$B$2:$B$1000, _xlpm.end_pos), AVERAGE(_xlpm.points_range) ) -> 230
B5: =COUNTIFS($F$3:$F$951,"<"&$F5)+1 -> 3 | C5: G. Verse | D5: Senior 55 + | E5: Gustavo Verse | F5: 12 | G5: =_xlfn.LET( _xlpm.pos, B5, _xlpm.count_pos, COUNTIF($B$2:$B$979, _xlpm.pos), _xlpm.start_pos, _xlpm.pos, _xlpm.end_pos, _xlpm.pos + _xlpm.count_pos - 1, _xlpm.points_range, INDEX(Puntuacion!$B$2:$B$1000, _xlpm.start_pos):INDEX(Puntuacion!$B$2:$B$1000, _xlpm.end_pos), AVERAGE(_xlpm.points_range) ) -> 215
B6: =COUNTIFS($F$3:$F$951,"<"&$F6)+1 -> 4 | C6: F. Martínez2107 | D6: Senior 45 + | E6: Fernando Martínez Guillamón | F6: 13 | G6: =_xlfn.LET( _xlpm.pos, B6, _xlpm.count_pos, COUNTIF($B$2:$B$979, _xlpm.pos), _xlpm.start_pos, _xlpm.pos, _xlpm.end_pos, _xlpm.pos + _xlpm.count_pos - 1, _xlpm.points_range, INDEX(Puntuacion!$B$2:$B$1000, _xlpm.start_pos):INDEX(Puntuacion!$B$2:$B$1000, _xlpm.end_pos), AVERAGE(_xlpm.points_range) ) -> 200

Sheet Etapa 1 Rookie
B2: Posicion | C2: FOOTGOLFER NICKNAME | D2: CATEGORÍA INSCRITA | E2: FOOTGOLFER NOMBRE_COMPLETO | F2: TPAR | G2: Puntos
B3: =COUNTIFS($F$3:$F$961,"<"&$F3)+1 -> 1 | C3: X. Leiva | D3: Caballeros | E3: Xavi Leiva Cañada | F3: -2 | G3: =_xlfn.LET( _xlpm.pos, B3, _xlpm.count_pos, COUNTIF($B$2:$B$973, _xlpm.pos), _xlpm.start_pos, _xlpm.pos, _xlpm.end_pos, _xlpm.pos + _xlpm.count_pos - 1, _xlpm.points_range, INDEX(Puntuacion!$B$2:$B$1000, _xlpm.start_pos):INDEX(Puntuacion!$B$2:$B$1000, _xlpm.end_pos), AVERAGE(_xlpm.points_range) ) -> 250
B4: =COUNTIFS($F$3:$F$961,"<"&$F4)+1 -> 2 | C4: S. Pahisa | D4: Caballeros | E4: Sergi Pahisa | F4: 2 | G4: =_xlfn.LET( _xlpm.pos, B4, _xlpm.count_pos, COUNTIF($B$2:$B$973, _xlpm.pos), _xlpm.start_pos, _xlpm.pos, _xlpm.end_pos, _xlpm.pos + _xlpm.count_pos - 1, _xlpm.points_range, INDEX(Puntuacion!$B$2:$B$1000, _xlpm.start_pos):INDEX(Puntuacion!$B$2:$B$1000, _xlpm.end_pos), AVERAGE(_xlpm.points_range) ) -> 230
B5: =COUNTIFS($F$3:$F$961,"<"&$F5)+1 -> 3 | C5: A. Leiva | D5: Caballeros | E5: Alberto Leiva cañada | F5: 5 | G5: =_xlfn.LET( _xlpm.pos, B5, _xlpm.count_pos, COUNTIF($B$2:$B$973, _xlpm.pos), _xlpm.start_pos, _xlpm.pos, _xlpm.end_pos, _xlpm.pos + _xlpm.count_pos - 1, _xlpm.points_range, INDEX(Puntuacion!$B$2:$B$1000, _xlpm.start_pos):INDEX(Puntuacion!$B$2:$B$1000, _xlpm.end_pos), AVERAGE(_xlpm.points_range) ) -> 215
B6: =COUNTIFS($F$3:$F$961,"<"&$F6)+1 -> 4 | C6: D. Tellez | D6: Caballeros | E6: David Tellez Viana | F6: 8 | G6: =_xlfn.LET( _xlpm.pos, B6, _xlpm.count_pos, COUNTIF($B$2:$B$973, _xlpm.pos), _xlpm.start_pos, _xlpm.pos, _xlpm.end_pos, _xlpm.pos + _xlpm.count_pos - 1, _xlpm.points_range, INDEX(Puntuacion!$B$2:$B$1000, _xlpm.start_pos):INDEX(Puntuacion!$B$2:$B$1000, _xlpm.end_pos), AVERAGE(_xlpm.points_range) ) -> 200
B7: =COUNTIFS($F$3:$F$961,"<"&$F7)+1 -> 5 | C7: G. Masuck | D7: Caballeros | E7: Gastón Masuck Cardozo | F7: 9 | G7: =_xlfn.LET( _xlpm.pos, B7, _xlpm.count_pos, COUNTIF($B$2:$B$973, _xlpm.pos), _xlpm.start_pos, _xlpm.pos, _xlpm.end_pos, _xlpm.pos + _xlpm.count_pos - 1, _xlpm.points_range, INDEX(Puntuacion!$B$2:$B$1000, _xlpm.start_pos):INDEX(Puntuacion!$B$2:$B$1000, _xlpm.end_pos), AVERAGE(_xlpm.points_range) ) -> 185
B8: =COUNTIFS($F$3:$F$961,"<"&$F8)+1 -> 5 | C8: M. Morón | D8: Caballeros | E8: Mario Morón Sancho | F8: 9 | G8: =_xlfn.LET( _xlpm.pos, B8, _xlpm.count_pos, COUNTIF($B$2:$B$973, _xlpm.pos), _xlpm.start_pos, _xlpm.pos, _xlpm.end_pos, _xlpm.pos + _xlpm.count_pos - 1, _xlpm.points_range, INDEX(Puntuacion!$B$2:$B$1000, _xlpm.start_pos):INDEX(Puntuacion!$B$2:$B$1000, _xlpm.end_pos), AVERAGE(_xlpm.points_range) ) -> 185
B9: =COUNTIFS($F$3:$F$961,"<"&$F9)+1 -> 7 | C9: I. Luengo | D9: Caballeros | E9: ivan luengo robles | F9: 10 | G9: =_xlfn.LET( _xlpm.pos, B9, _xlpm.count_pos, COUNTIF($B$2:$B$973, _xlpm.pos), _xlpm.start_pos, _xlpm.pos, _xlpm.end_pos, _xlpm.pos + _xlpm.count_pos - 1, _xlpm.points_range, INDEX(Puntuacion!$B$2:$B$1000, _xlpm.start_pos):INDEX(Puntuacion!$B$2:$B$1000, _xlpm.end_pos), AVERAGE(_xlpm.points_range) ) -> 165
B10: =COUNTIFS($F$3:$F$961,"<"&$F10)+1 -> 7 | C10: R. Linares | D10: Senior 45 + | E10: Raúl Linares Ramos | F10: 10 | G10: =_xlfn.LET( _xlpm.pos, B10, _xlpm.count_pos, COUNTIF($B$2:$B$973, _xlpm.pos), _xlpm.start_pos, _xlpm.pos, _xlpm.end_pos, _xlpm.pos + _xlpm.count_pos - 1, _xlpm.points_range, INDEX(Puntuacion!$B$2:$B$1000, _xlpm.start_pos):INDEX(Puntuacion!$B$2:$B$1000, _xlpm.end_pos), AVERAGE(_xlpm.points_range) ) -> 165
B11: =COUNTIFS($F$3:$F$961,"<"&$F11)+1 -> 9 | C11: G. Verse | D11: Senior 55 + | E11: Gustavo Verse | F11: 12 | G11: =_xlfn.LET( _xlpm.pos, B11, _xlpm.count_pos, COUNTIF($B$2:$B$973, _xlpm.pos), _xlpm.start_pos, _xlpm.pos, _xlpm.end_pos, _xlpm.pos + _xlpm.count_pos - 1, _xlpm.points_range, INDEX(Puntuacion!$B$2:$B$1000, _xlpm.start_pos):INDEX(Puntuacion!$B$2:$B$1000, _xlpm.end_pos), AVERAGE(_xlpm.points_range) ) -> 150
B12: =COUNTIFS($F$3:$F$961,"<"&$F12)+1 -> 10 | C12: D. Abril | D12: Caballeros | E12: Daniel Abril Amador | F12: 17 | G12: =_xlfn.LET( _xlpm.pos, B12, _xlpm.count_pos, COUNTIF($B$2:$B$973, _xlpm.pos), _xlpm.start_pos, _xlpm.pos, _xlpm.end_pos, _xlpm.pos + _xlpm.count_pos - 1, _xlpm.points_range, INDEX(Puntuacion!$B$2:$B$1000, _xlpm.start_pos):INDEX(Puntuacion!$B$2:$B$1000, _xlpm.end_pos), AVERAGE(_xlpm.points_range) ) -> 140
B13: =COUNTIFS($F$3:$F$961,"<"&$F13)+1 -> 11 | C13: J. Medina3526 | D13: Caballeros | E13: Juan Medina | F13: 32 | G13: =_xlfn.LET( _xlpm.pos, B13, _xlpm.count_pos, COUNTIF($B$2:$B$973, _xlpm.pos), _xlpm.start_pos, _xlpm.pos, _xlpm.end_pos, _xlpm.pos + _xlpm.count_pos - 1, _xlpm.points_range, INDEX(Puntuacion!$B$2:$B$1000, _xlpm.start_pos):INDEX(Puntuacion!$B$2:$B$1000, _xlpm.end_pos), AVERAGE(_xlpm.points_range) ) -> 130
B14: =COUNTIFS($F$3:$F$961,"<"&$F14)+1 -> 12 | C14: L. Rubinacci | D14: Caballeros | E14: Luca Rubinacci | F14: 34 | G14: =_xlfn.LET( _xlpm.pos, B14, _xlpm.count_pos, COUNTIF($B$2:$B$973, _xlpm.pos), _xlpm.start_pos, _xlpm.pos, _xlpm.end_pos, _xlpm.pos + _xlpm.count_pos - 1, _xlpm.points_range, INDEX(Puntuacion!$B$2:$B$1000, _xlpm.start_pos):INDEX(Puntuacion!$B$2:$B$1000, _xlpm.end_pos), AVERAGE(_xlpm.points_range) ) -> 120

Sheet Etapa 10 absoluta
B2: Posicion | C2: FOOTGOLFER NICKNAME | D2: CATEGORÍA INSCRITA | E2: FOOTGOLFER NOMBRE_COMPLETO | F2: Suma de TPAR | G2: Puntos
B3: =COUNTIFS($F$3:$F$969,"<"&$F3)+1 -> 15 | C3: A. Leiva | D3: Caballeros | E3: Alberto Leiva cañada | F3: 8 | G3: =_xlfn.LET( _xlpm.pos, B3, _xlpm.count_pos, COUNTIF($B$2:$B$981, _xlpm.pos), _xlpm.start_pos, _xlpm.pos, _xlpm.end_pos, _xlpm.pos + _xlpm.count_pos - 1, _xlpm.points_range, INDEX(Puntuacion!$B$2:$B$1000, _xlpm.start_pos):INDEX(Puntuacion!$B$2:$B$1000, _xlpm.end_pos), AVERAGE(_xlpm.points_range) ) -> 95
B4: =COUNTIFS($F$3:$F$969,"<"&$F4)+1 -> 1 | C4: A. Salazar | D4: Caballeros | E4: Alberto Salazar Fernández | F4: -12 | G4: =_xlfn.LET( _xlpm.pos, B4, _xlpm.count_pos, COUNTIF($B$2:$B$981, _xlpm.pos), _xlpm.start_pos, _xlpm.pos, _xlpm.end_pos, _xlpm.pos + _xlpm.count_pos - 1, _xlpm.points_range, INDEX(Puntuacion!$B$2:$B$1000, _xlpm.start_pos):INDEX(Puntuacion!$B$2:$B$1000, _xlpm.end_pos), AVERAGE(_xlpm.points_range) ) -> 250
B5: =COUNTIFS($F$3:$F$969,"<"&$F5)+1 -> 20 | C5: B. Reyes | D5: Caballeros | E5: Benito Reyes Gonzalez | F5: 12 | G5: =_xlfn.LET( _xlpm.pos, B5, _xlpm.count_pos, COUNTIF($B$2:$B$981, _xlpm.pos), _xlpm.start_pos, _xlpm.pos, _xlpm.end_pos, _xlpm.pos + _xlpm.count_pos - 1, _xlpm.points_range, INDEX(Puntuacion!$B$2:$B$1000, _xlpm.start_pos):INDEX(Puntuacion!$B$2:$B$1000, _xlpm.end_pos), AVERAGE(_xlpm.points_range) ) -> 70
B6: =COUNTIFS($F$3:$F$969,"<"&$F6)+1 -> 3 | C6: C. Guillamon | D6: Caballeros | E6: Chema🐗🐗 Martínez Guillamon | F6: -1 | G6: =_xlfn.LET( _xlpm.pos, B6, _xlpm.count_pos, COUNTIF($B$2:$B$981, _xlpm.pos), _xlpm.start_pos, _xlpm.pos, _xlpm.end_pos, _xlpm.pos + _xlpm.count_pos - 1, _xlpm.points_range, INDEX(Puntuacion!$B$2:$B$1000, _xlpm.start_pos):INDEX(Puntuacion!$B$2:$B$1000, _xlpm.end_pos), AVERAGE(_xlpm.points_range) ) -> 215
B7: =COUNTIFS($F$3:$F$969,"<"&$F7)+1 -> 5 | C7: D. Abril | D7: Caballeros | E7: Daniel Abril Amador | F7: 1 | G7: =_xlfn.LET( _xlpm.pos, B7, _xlpm.count_pos, COUNTIF($B$2:$B$981, _xlpm.pos), _xlpm.start_pos, _xlpm.pos, _xlpm.end_pos, _xlpm.pos + _xlpm.count_pos - 1, _xlpm.points_range, INDEX(Puntuacion!$B$2:$B$1000, _xlpm.start_pos):INDEX(Puntuacion!$B$2:$B$1000, _xlpm.end_pos), AVERAGE(_xlpm.points_range) ) -> 185
B8: =COUNTIFS($F$3:$F$969,"<"&$F8)+1 -> 23 | C8: D. Cortés | D8: Caballeros | E8: David Cortés Segura | F8: 18 | G8: =_xlfn.LET( _xlpm.pos, B8, _xlpm.count_pos, COUNTIF($B$2:$B$981, _xlpm.pos), _xlpm.start_pos, _xlpm.pos, _xlpm.end_pos, _xlpm.pos + _xlpm.count_pos - 1, _xlpm.points_range, INDEX(Puntuacion!$B$2:$B$1000, _xlpm.start_pos):INDEX(Puntuacion!$B$2:$B$1000, _xlpm.end_pos), AVERAGE(_xlpm.points_range) ) -> 58
B9: =COUNTIFS($F$3:$F$969,"<"&$F9)+1 -> 9 | C9: D. Linares | D9: Senior 45 + | E9: David Linares Ramos | F9: 3 | G9: =_xlfn.LET( _xlpm.pos, B9, _xlpm.count_pos, COUNTIF($B$2:$B$981, _xlpm.pos), _xlpm.start_pos, _xlpm.pos, _xlpm.end_pos, _xlpm.pos + _xlpm.count_pos - 1, _xlpm.points_range, INDEX(Puntuacion!$B$2:$B$1000, _xlpm.start_pos):INDEX(Puntuacion!$B$2:$B$1000, _xlpm.end_pos), AVERAGE(_xlpm.points_range) ) -> 150
B10: =COUNTIFS($F$3:$F$969,"<"&$F10)+1 -> 22 | C10: D. Rojo | D10: Caballeros | E10: David Rojo Dengra | F10: 16 | G10: =_xlfn.LET( _xlpm.pos, B10, _xlpm.count_pos, COUNTIF($B$2:$B$981, _xlpm.pos), _xlpm.start_pos, _xlpm.pos, _xlpm.end_pos, _xlpm.pos + _xlpm.count_pos - 1, _xlpm.points_range, INDEX(Puntuacion!$B$2:$B$1000, _xlpm.start_pos):INDEX(Puntuacion!$B$2:$B$1000, _xlpm.end_pos), AVERAGE(_xlpm.points_range) ) -> 62
B11: =COUNTIFS($F$3:$F$969,"<"&$F11)+1 -> 10 | C11: D. Tellez | D11: Caballeros | E11: David Tellez Viana | F11: 5 | G11: =_xlfn.LET( _xlpm.pos, B11, _xlpm.count_pos, COUNTIF($B$2:$B$981, _xlpm.pos), _xlpm.start_pos, _xlpm.pos, _xlpm.end_pos, _xlpm.pos + _xlpm.count_pos - 1, _xlpm.points_range, INDEX(Puntuacion!$B$2:$B$1000, _xlpm.start_pos):INDEX(Puntuacion!$B$2:$B$1000, _xlpm.end_pos), AVERAGE(_xlpm.points_range) ) -> 140
B12: =COUNTIFS($F$3:$F$969,"<"&$F12)+1 -> 2 | C12: E. MartinRdz | D12: Caballeros | E12: Eduardo Martin Rodriguez | F12: -2 | G12: =_xlfn.LET( _xlpm.pos, B12, _xlpm.count_pos, COUNTIF($B$2:$B$981, _xlpm.pos), _xlpm.start_pos, _xlpm.pos, _xlpm.end_pos, _xlpm.pos + _xlpm.count_pos - 1, _xlpm.points_range, INDEX(Puntuacion!$B$2:$B$1000, _xlpm.start_pos):INDEX(Puntuacion!$B$2:$B$1000, _xlpm.end_pos), AVERAGE(_xlpm.points_range) ) -> 230
B13: =COUNTIFS($F$3:$F$969,"<"&$F13)+1 -> 17 | C13: F. Guillamón | D13: Senior 45 + | E13: Fernando Martínez Guillamón | F13: 10 | G13: =_xlfn.LET( _xlpm.pos, B13, _xlpm.count_pos, COUNTIF($B$2:$B$981, _xlpm.pos), _xlpm.start_pos, _xlpm.pos, _xlpm.end_pos, _xlpm.pos + _xlpm.count_pos - 1, _xlpm.points_range, INDEX(Puntuacion!$B$2:$B$1000, _xlpm.start_pos):INDEX(Puntuacion!$B$2:$B$1000, _xlpm.end_pos), AVERAGE(_xlpm.points_range) ) -> 82.5
B14: =COUNTIFS($F$3:$F$969,"<"&$F14)+1 -> 24 | C14: G. Bonacini | D14: Senior 45 + | E14: Giacomo Bonacini | F14: 22 | G14: =_xlfn.LET( _xlpm.pos, B14, _xlpm.count_pos, COUNTIF($B$2:$B$981, _xlpm.pos), _xlpm.start_pos, _xlpm.pos, _xlpm.end_pos, _xlpm.pos + _xlpm.count_pos - 1, _xlpm.points_range, INDEX(Puntuacion!$B$2:$B$1000, _xlpm.start_pos):INDEX(Puntuacion!$B$2:$B$1000, _xlpm.end_pos), AVERAGE(_xlpm.points_range) ) -> 54
... B26: =COUNTIFS($F$3:$F$969,"<"&$F26)+1 -> 4 | C26: X. Leiva | D26: Caballeros | E26: Xavi Leiva Cañada | F26: 0 | G26: =_xlfn.LET( _xlpm.pos, B26, _xlpm.count_pos, COUNTIF($B$2:$B$981, _xlpm.pos), _xlpm.start_pos, _xlpm.pos, _xlpm.end_pos, _xlpm.pos + _xlpm.count_pos - 1, _xlpm.points_range, INDEX(Puntuacion!$B$2:$B$1000, _xlpm.start_pos):INDEX(Puntuacion!$B$2:$B$1000, _xlpm.end_pos), AVERAGE(_xlpm.points_range) ) -> 200

Sheet Etapa 10 Senior
B2: Posicion | C2: FOOTGOLFER NICKNAME | D2: CATEGORÍA INSCRITA | E2: FOOTGOLFER NOMBRE_COMPLETO | F2: Suma de TPAR | G2: Puntos
B3: =COUNTIFS($F$3:$F$951,"<"&$F3)+1 -> 2 | C3: D. Linares | D3: Senior 45 + | E3: David Linares Ramos | F3: 3 | G3: =_xlfn.LET( _xlpm.pos, B3, _xlpm.count_pos, COUNTIF($B$2:$B$963, _xlpm.pos), _xlpm.start_pos, _xlpm.pos, _xlpm.end_pos, _xlpm.pos + _xlpm.count_pos - 1, _xlpm.points_range, INDEX(Puntuacion!$B$2:$B$1000, _xlpm.start_pos):INDEX(Puntuacion!$B$2:$B$1000, _xlpm.end_pos), AVERAGE(_xlpm.points_range) ) -> 230
B4: =COUNTIFS($F$3:$F$951,"<"&$F4)+1 -> 4 | C4: F. Guillamón | D4: Senior 45 + | E4: Fernando Martínez Guillamón | F4: 10 | G4: =_xlfn.LET( _xlpm.pos, B4, _xlpm.count_pos, COUNTIF($B$2:$B$963, _xlpm.pos), _xlpm.start_pos, _xlpm.pos, _xlpm.end_pos, _xlpm.pos + _xlpm.count_pos - 1, _xlpm.points_range, INDEX(Puntuacion!$B$2:$B$1000, _xlpm.start_pos):INDEX(Puntuacion!$B$2:$B$1000, _xlpm.end_pos), AVERAGE(_xlpm.points_range) ) -> 200
B5: =COUNTIFS($F$3:$F$951,"<"&$F5)+1 -> 5 | C5: G. Bonacini | D5: Senior 45 + | E5: Giacomo Bonacini | F5: 22 | G5: =_xlfn.LET( _xlpm.pos, B5, _xlpm.count_pos, COUNTIF($B$2:$B$963, _xlpm.pos), _xlpm.start_pos, _xlpm.pos, _xlpm.end_pos, _xlpm.pos + _xlpm.count_pos - 1, _xlpm.points_range, INDEX(Puntuacion!$B$2:$B$1000, _xlpm.start_pos):INDEX(Puntuacion!$B$2:$B$1000, _xlpm.end_pos), AVERAGE(_xlpm.points_range) ) -> 190
B6: =COUNTIFS($F$3:$F$951,"<"&$F6)+1 -> 6 | C6: J. Recio | D6: Senior 45 + | E6: Javi recio Martín | F6: 24 | G6: =_xlfn.LET( _xlpm.pos, B6, _xlpm.count_pos, COUNTIF($B$2:$B$963, _xlpm.pos), _xlpm.start_pos, _xlpm.pos, _xlpm.end_pos, _xlpm.pos + _xlpm.count_pos - 1, _xlpm.points_range, INDEX(Puntuacion!$B$2:$B$1000, _xlpm.start_pos):INDEX(Puntuacion!$B$2:$B$1000, _xlpm.end_pos), AVERAGE(_xlpm.points_range) ) -> 180
B7: =COUNTIFS($F$3:$F$951,"<"&$F7)+1 -> 1 | C7: O. Tressens | D7: Senior 45 + | E7: Olivier Tressens | F7: 2 | G7: =_xlfn.LET( _xlpm.pos, B7, _xlpm.count_pos, COUNTIF($B$2:$B$963, _xlpm.pos), _xlpm.start_pos, _xlpm.pos, _xlpm.end_pos, _xlpm.pos + _xlpm.count_pos - 1, _xlpm.points_range, INDEX(Puntuacion!$B$2:$B$1000, _xlpm.start_pos):INDEX(Puntuacion!$B$2:$B$1000, _xlpm.end_pos), AVERAGE(_xlpm.points_range) ) -> 250
B8: =COUNTIFS($F$3:$F$951,"<"&$F8)+1 -> 3 | C8: R. Linares | D8: Senior 45 + | E8: Raúl Linares Ramos | F8: 6 | G8: =_xlfn.LET( _xlpm.pos, B8, _xlpm.count_pos, COUNTIF($B$2:$B$963, _xlpm.pos), _xlpm.start_pos, _xlpm.pos, _xlpm.end_pos, _xlpm.pos + _xlpm.count_pos - 1, _xlpm.points_range, INDEX(Puntuacion!$B$2:$B$1000, _xlpm.start_pos):INDEX(Puntuacion!$B$2:$B$1000, _xlpm.end_pos), AVERAGE(_xlpm.points_range) ) -> 215

Sheet Etapa 5 Plata
B2: Posicion | C2: FOOTGOLFER NICKNAME | D2: CATEGORÍA INSCRITA | E2: FOOTGOLFER NOMBRE_COMPLETO | F2: Suma de TPAR | G2: Puntos
B3: =COUNTIFS($F$3:$F$956,"<"&$F3)+1 -> 1 | C3: D. Abril | D3: Caballeros | E3: Daniel Abril Amador | F3: 1 | G3: =_xlfn.LET( _xlpm.pos, B3, _xlpm.count_pos, COUNTIF($B$2:$B$968, _xlpm.pos), _xlpm.start_pos, _xlpm.pos, _xlpm.end_pos, _xlpm.pos + _xlpm.count_pos - 1, _xlpm.points_range, INDEX(Puntuacion!$B$2:$B$1000, _xlpm.start_pos):INDEX(Puntuacion!$B$2:$B$1000, _xlpm.end_pos), AVERAGE(_xlpm.points_range) ) -> 250
B4: =COUNTIFS($F$3:$F$956,"<"&$F4)+1 -> 9 | C4: D. Cortés | D4: Caballeros | E4: David Cortés Segura | F4: 18 | G4: =_xlfn.LET( _xlpm.pos, B4, _xlpm.count_pos, COUNTIF($B$2:$B$968, _xlpm.pos), _xlpm.start_pos, _xlpm.pos, _xlpm.end_pos, _xlpm.pos + _xlpm.count_pos - 1, _xlpm.points_range, INDEX(Puntuacion!$B$2:$B$1000, _xlpm.start_pos):INDEX(Puntuacion!$B$2:$B$1000, _xlpm.end_pos), AVERAGE(_xlpm.points_range) ) -> 150
B5: =COUNTIFS($F$3:$F$956,"<"&$F5)+1 -> 8 | C5: D. Rojo | D5: Caballeros | E5: David Rojo Dengra | F5: 16 | G5: =_xlfn.LET( _xlpm.pos, B5, _xlpm.count_pos, COUNTIF($B$2:$B$968, _xlpm.pos), _xlpm.start_pos, _xlpm.pos, _xlpm.end_pos, _xlpm.pos + _xlpm.count_pos - 1, _xlpm.points_range, INDEX(Puntuacion!$B$2:$B$1000, _xlpm.start_pos):INDEX(Puntuacion!$B$2:$B$1000, _xlpm.end_pos), AVERAGE(_xlpm.points_range) ) -> 160
B6: =COUNTIFS($F$3:$F$956,"<"&$F6)+1 -> 3 | C6: D. Tellez | D6: Caballeros | E6: David Tellez Viana | F6: 5 | G6: =_xlfn.LET( _xlpm.pos, B6, _xlpm.count_pos, COUNTIF($B$2:$B$968, _xlpm.pos), _xlpm.start_pos, _xlpm.pos, _xlpm.end_pos, _xlpm.pos + _xlpm.count_pos - 1, _xlpm.points_range, INDEX(Puntuacion!$B$2:$B$1000, _xlpm.start_pos):INDEX(Puntuacion!$B$2:$B$1000, _xlpm.end_pos), AVERAGE(_xlpm.points_range) ) -> 215
B7: =COUNTIFS($F$3:$F$956,"<"&$F7)+1 -> 5 | C7: F. Guillamón | D7: Senior 45 + | E7: Fernando Martínez Guillamón | F7: 10 | G7: =_xlfn.LET( _xlpm.pos, B7, _xlpm.count_pos, COUNTIF($B$2:$B$968, _xlpm.pos), _xlpm.start_pos, _xlpm.pos, _xlpm.end_pos, _xlpm.pos + _xlpm.count_pos - 1, _xlpm.points_range, INDEX(Puntuacion!$B$2:$B$1000, _xlpm.start_pos):INDEX(Puntuacion!$B$2:$B$1000, _xlpm.end_pos), AVERAGE(_xlpm.points_range) ) -> 190
B8: =COUNTIFS($F$3:$F$956,"<"&$F8)+1 -> 10 | C8: G. Bonacini | D8: Senior 45 + | E8: Giacomo Bonacini | F8: 22 | G8: =_xlfn.LET( _xlpm.pos, B8, _xlpm.count_pos, COUNTIF($B$2:$B$968, _xlpm.pos), _xlpm.start_pos, _xlpm.pos, _xlpm.end_pos, _xlpm.pos + _xlpm.count_pos - 1, _xlpm.points_range, INDEX(Puntuacion!$B$2:$B$1000, _xlpm.start_pos):INDEX(Puntuacion!$B$2:$B$1000, _xlpm.end_pos), AVERAGE(_xlpm.points_range) ) -> 140
B9: =COUNTIFS($F$3:$F$956,"<"&$F9)+1 -> 2 | C9: I. Luengo | D9: Caballeros | E9: ivan luengo robles | F9: 2 | G9: =_xlfn.LET( _xlpm.pos, B9, _xlpm.count_pos, COUNTIF($B$2:$B$968, _xlpm.pos), _xlpm.start_pos, _xlpm.pos, _xlpm.end_pos, _xlpm.pos + _xlpm.count_pos - 1, _xlpm.points_range, INDEX(Puntuacion!$B$2:$B$1000, _xlpm.start_pos):INDEX(Puntuacion!$B$2:$B$1000, _xlpm.end_pos), AVERAGE(_xlpm.points_range) ) -> 230
B10: =COUNTIFS($F$3:$F$956,"<"&$F10)+1 -> 11 | C10: J. Recio | D10: Senior 45 + | E10: Javi recio Martín | F10: 24 | G10: =_xlfn.LET( _xlpm.pos, B10, _xlpm.count_pos, COUNTIF($B$2:$B$968, _xlpm.pos), _xlpm.start_pos, _xlpm.pos, _xlpm.end_pos, _xlpm.pos + _xlpm.count_pos - 1, _xlpm.points_range, INDEX(Puntuacion!$B$2:$B$1000, _xlpm.start_pos):INDEX(Puntuacion!$B$2:$B$1000, _xlpm.end_pos), AVERAGE(_xlpm.points_range) ) -> 130
B11: =COUNTIFS($F$3:$F$956,"<"&$F11)+1 -> 6 | C11: M. Company | D11: Caballeros | E11: Marc Company Salvat | F11: 11 | G11: =_xlfn.LET( _xlpm.pos, B11, _xlpm.count_pos, COUNTIF($B$2:$B$968, _xlpm.pos), _xlpm.start_pos, _xlpm.pos, _xlpm.end_pos, _xlpm.pos + _xlpm.count_pos - 1, _xlpm.points_range, INDEX(Puntuacion!$B$2:$B$1000, _xlpm.start_pos):INDEX(Puntuacion!$B$2:$B$1000, _xlpm.end_pos), AVERAGE(_xlpm.points_range) ) -> 180
B12: =COUNTIFS($F$3:$F$956,"<"&$F12)+1 -> 7 | C12: M. Morón | D12: Caballeros | E12: Mario Morón Sancho | F12: 14 | G12: =_xlfn.LET( _xlpm.pos, B12, _xlpm.count_pos, COUNTIF($B$2:$B$968, _xlpm.pos), _xlpm.start_pos, _xlpm.pos, _xlpm.end_pos, _xlpm.pos + _xlpm.count_pos - 1, _xlpm.points_range, INDEX(Puntuacion!$B$2:$B$1000, _xlpm.start_pos):INDEX(Puntuacion!$B$2:$B$1000, _xlpm.end_pos), AVERAGE(_xlpm.points_range) ) -> 170
B13: =COUNTIFS($F$3:$F$956,"<"&$F13)+1 -> 4 | C13: S. Pahisa | D13: Caballeros | E13: Sergi Pahisa | F13: 9 | G13: =_xlfn.LET( _xlpm.pos, B13, _xlpm.count_pos, COUNTIF($B$2:$B$968, _xlpm.pos), _xlpm.start_pos, _xlpm.pos, _xlpm.end_pos, _xlpm.pos + _xlpm.count_pos - 1, _xlpm.points_range, INDEX(Puntuacion!$B$2:$B$1000, _xlpm.start_pos):INDEX(Puntuacion!$B$2:$B$1000, _xlpm.end_pos), AVERAGE(_xlpm.points_range) ) -> 200

Sheet Etapa 10 Rookie
B2: Posicion | C2: FOOTGOLFER NICKNAME | D2: CATEGORÍA INSCRITA | E2: FOOTGOLFER NOMBRE_COMPLETO | F2: Suma de TPAR | G2: Puntos
B3: =COUNTIFS($F$3:$F$960,"<"&$F3)+1 -> 7 | C3: A. Leiva | D3: Caballeros | E3: Alberto Leiva cañada | F3: 8 | G3: =_xlfn.LET( _xlpm.pos, B3, _xlpm.count_pos, COUNTIF($B$2:$B$972, _xlpm.pos), _xlpm.start_pos, _xlpm.pos, _xlpm.end_pos, _xlpm.pos + _xlpm.count_pos - 1, _xlpm.points_range, INDEX(Puntuacion!$B$2:$B$1000, _xlpm.start_pos):INDEX(Puntuacion!$B$2:$B$1000, _xlpm.end_pos), AVERAGE(_xlpm.points_range) ) -> 170
B4: =COUNTIFS($F$3:$F$960,"<"&$F4)+1 -> 10 | C4: B. Reyes | D4: Caballeros | E4: Benito Reyes Gonzalez | F4: 12 | G4: =_xlfn.LET( _xlpm.pos, B4, _xlpm.count_pos, COUNTIF($B$2:$B$972, _xlpm.pos), _xlpm.start_pos, _xlpm.pos, _xlpm.end_pos, _xlpm.pos + _xlpm.count_pos - 1, _xlpm.points_range, INDEX(Puntuacion!$B$2:$B$1000, _xlpm.start_pos):INDEX(Puntuacion!$B$2:$B$1000, _xlpm.end_pos), AVERAGE(_xlpm.points_range) ) -> 140
B5: =COUNTIFS($F$3:$F$960,"<"&$F5)+1 -> 3 | C5: D. Abril | D5: Caballeros | E5: Daniel Abril Amador | F5: 1 | G5: =_xlfn.LET( _xlpm.pos, B5, _xlpm.count_pos, COUNTIF($B$2:$B$972, _xlpm.pos), _xlpm.start_pos, _xlpm.pos, _xlpm.end_pos, _xlpm.pos + _xlpm.count_pos - 1, _xlpm.points_range, INDEX(Puntuacion!$B$2:$B$1000, _xlpm.start_pos):INDEX(Puntuacion!$B$2:$B$1000, _xlpm.end_pos), AVERAGE(_xlpm.points_range) ) -> 215
B6: =COUNTIFS($F$3:$F$960,"<"&$F6)+1 -> 13 | C6: D. Cortés | D6: Caballeros | E6: David Cortés Segura | F6: 18 | G6: =_xlfn.LET( _xlpm.pos, B6, _xlpm.count_pos, COUNTIF($B$2:$B$972, _xlpm.pos), _xlpm.start_pos, _xlpm.pos, _xlpm.end_pos, _xlpm.pos + _xlpm.count_pos - 1, _xlpm.points_range, INDEX(Puntuacion!$B$2:$B$1000, _xlpm.start_pos):INDEX(Puntuacion!$B$2:$B$1000, _xlpm.end_pos), AVERAGE(_xlpm.points_range) ) -> 110
B7: =COUNTIFS($F$3:$F$960,"<"&$F7)+1 -> 12 | C7: D. Rojo | D7: Caballeros | E7: David Rojo Dengra | F7: 16 | G7: =_xlfn.LET( _xlpm.pos, B7, _xlpm.count_pos, COUNTIF($B$2:$B$972, _xlpm.pos), _xlpm.start_pos, _xlpm.pos, _xlpm.end_pos, _xlpm.pos + _xlpm.count_pos - 1, _xlpm.points_range, INDEX(Puntuacion!$B$2:$B$1000, _xlpm.start_pos):INDEX(Puntuacion!$B$2:$B$1000, _xlpm.end_pos), AVERAGE(_xlpm.points_range) ) -> 120
B8: =COUNTIFS($F$3:$F$960,"<"&$F8)+1 -> 5 | C8: D. Tellez | D8: Caballeros | E8: David Tellez Viana | F8: 5 | G8: =_xlfn.LET( _xlpm.pos, B8, _xlpm.count_pos, COUNTIF($B$2:$B$972, _xlpm.pos), _xlpm.start_pos, _xlpm.pos, _xlpm.end_pos, _xlpm.pos + _xlpm.count_pos - 1, _xlpm.points_range, INDEX(Puntuacion!$B$2:$B$1000, _xlpm.start_pos):INDEX(Puntuacion!$B$2:$B$1000, _xlpm.end_pos), AVERAGE(_xlpm.points_range) ) -> 190
B9: =COUNTIFS($F$3:$F$960,"<"&$F9)+1 -> 1 | C9: E. MartinRdz | D9: Caballeros | E9: Eduardo Martin Rodriguez | F9: -2 | G9: =_xlfn.LET( _xlpm.pos, B9, _xlpm.count_pos, COUNTIF($B$2:$B$972, _xlpm.pos), _xlpm.start_pos, _xlpm.pos, _xlpm.end_pos, _xlpm.pos + _xlpm.count_pos - 1, _xlpm.points_range, INDEX(Puntuacion!$B$2:$B$1000, _xlpm.start_pos):INDEX(Puntuacion!$B$2:$B$1000, _xlpm.end_pos), AVERAGE(_xlpm.points_range) ) -> 250
B10: =COUNTIFS($F$3:$F$960,"<"&$F10)+1 -> 14 | C10: G. Bonacini | D10: Senior 45 + | E10: Giacomo Bonacini | F10: 22 | G10: =_xlfn.LET( _xlpm.pos, B10, _xlpm.count_pos, COUNTIF($B$2:$B$972, _xlpm.pos), _xlpm.start_pos, _xlpm.pos, _xlpm.end_pos, _xlpm.pos + _xlpm.count_pos - 1, _xlpm.points_range, INDEX(Puntuacion!$B$2:$B$1000, _xlpm.start_pos):INDEX(Puntuacion!$B$2:$B$1000, _xlpm.end_pos), AVERAGE(_xlpm.points_range) ) -> 100
B11: =COUNTIFS($F$3:$F$960,"<"&$F11)+1 -> 4 | C11: I. Luengo | D11: Caballeros | E11: ivan luengo robles | F11: 2 | G11: =_xlfn.LET( _xlpm.pos, B11, _xlpm.count_pos, COUNTIF($B$2:$B$972, _xlpm.pos), _xlpm.start_pos, _xlpm.pos, _xlpm.end_pos, _xlpm.pos + _xlpm.count_pos - 1, _xlpm.points_range, INDEX(Puntuacion!$B$2:$B$1000, _xlpm.start_pos):INDEX(Puntuacion!$B$2:$B$1000, _xlpm.end_pos), AVERAGE(_xlpm.points_range) ) -> 200
B12: =COUNTIFS($F$3:$F$960,"<"&$F12)+1 -> 15 | C12: J. Recio | D12: Senior 45 + | E12: Javi recio Martín | F12: 24 | G12: =_xlfn.LET( _xlpm.pos, B12, _xlpm.count_pos, COUNTIF($B$2:$B$972, _xlpm.pos), _xlpm.start_pos, _xlpm.pos, _xlpm.end_pos, _xlpm.pos + _xlpm.count_pos - 1, _xlpm.points_range, INDEX(Puntuacion!$B$2:$B$1000, _xlpm.start_pos):INDEX(Puntuacion!$B$2:$B$1000, _xlpm.end_pos), AVERAGE(_xlpm.points_range) ) -> 95
B13: =COUNTIFS($F$3:$F$960,"<"&$F13)+1 -> 9 | C13: M. Company | D13: Caballeros | E13: Marc Company Salvat | F13: 11 | G13: =_xlfn.LET( _xlpm.pos, B13, _xlpm.count_pos, COUNTIF($B$2:$B$972, _xlpm.pos), _xlpm.start_pos, _xlpm.pos, _xlpm.end_pos, _xlpm.pos + _xlpm.count_pos - 1, _xlpm.points_range, INDEX(Puntuacion!$B$2:$B$1000, _xlpm.start_pos):INDEX(Puntuacion!$B$2:$B$1000, _xlpm.end_pos), AVERAGE(_xlpm.points_range) ) -> 150
B14: =COUNTIFS($F$3:$F$960,"<"&$F14)+1 -> 11 | C14: M. Morón | D14: Caballeros | E14: Mario Morón Sancho | F14: 14 | G14: =_xlfn.LET( _xlpm.pos, B14, _xlpm.count_pos, COUNTIF($B$2:$B$972, _xlpm.pos), _xlpm.start_pos, _xlpm.pos, _xlpm.end_pos, _xlpm.pos + _xlpm.count_pos - 1, _xlpm.points_range, INDEX(Puntuacion!$B$2:$B$1000, _xlpm.start_pos):INDEX(Puntuacion!$B$2:$B$1000, _xlpm.end_pos), AVERAGE(_xlpm.points_range) ) -> 130
... B17: =COUNTIFS($F$3:$F$960,"<"&$F17)+1 -> 2 | C17: X. Leiva | D17: Caballeros | E17: Xavi Leiva Cañada | F17: 0 | G17: =_xlfn.LET( _xlpm.pos, B17, _xlpm.count_pos, COUNTIF($B$2:$B$972, _xlpm.pos), _xlpm.start_pos, _xlpm.pos, _xlpm.end_pos, _xlpm.pos + _xlpm.count_pos - 1, _xlpm.points_range, INDEX(Puntuacion!$B$2:$B$1000, _xlpm.start_pos):INDEX(Puntuacion!$B$2:$B$1000, _xlpm.end_pos), AVERAGE(_xlpm.points_range) ) -> 230

Sheet Etapa 9 Absoluta
B2: Posicion | C2: FOOTGOLFER NICKNAME | D2: CATEGORÍA INSCRITA | E2: FOOTGOLFER NOMBRE_COMPLETO | F2: Suma de TPAR | G2: Puntos
B3: =COUNTIFS($F$3:$F$970,"<"&$F3)+1 -> 20 | C3: J. Cid3726 | D3: Senior 45 + | E3: Jack Cid Barberá | F3: 187 | G3: =_xlfn.LET( _xlpm.pos, B3, _xlpm.count_pos, COUNTIF($B$2:$B$982, _xlpm.pos), _xlpm.start_pos, _xlpm.pos, _xlpm.end_pos, _xlpm.pos + _xlpm.count_pos - 1, _xlpm.points_range, INDEX(Puntuacion!$C$2:$C$1000, _xlpm.start_pos):INDEX(Puntuacion!$C$2:$C$1000, _xlpm.end_pos), AVERAGE(_xlpm.points_range) ) -> 140
B4: =COUNTIFS($F$3:$F$970,"<"&$F4)+1 -> 19 | C4: J. Cid | D4: Caballeros | E4: Jack Cid | F4: 186 | G4: =_xlfn.LET( _xlpm.pos, B4, _xlpm.count_pos, COUNTIF($B$2:$B$982, _xlpm.pos), _xlpm.start_pos, _xlpm.pos, _xlpm.end_pos, _xlpm.pos + _xlpm.count_pos - 1, _xlpm.points_range, INDEX(Puntuacion!$C$2:$C$1000, _xlpm.start_pos):INDEX(Puntuacion!$C$2:$C$1000, _xlpm.end_pos), AVERAGE(_xlpm.points_range) ) -> 150
B5: =COUNTIFS($F$3:$F$970,"<"&$F5)+1 -> 18 | C5: F. Guillamón | D5: Senior 45 + | E5: Fernando Martínez Guillamón | F5: 58 | G5: =_xlfn.LET( _xlpm.pos, B5, _xlpm.count_pos, COUNTIF($B$2:$B$982, _xlpm.pos), _xlpm.start_pos, _xlpm.pos, _xlpm.end_pos, _xlpm.pos + _xlpm.count_pos - 1, _xlpm.points_range, INDEX(Puntuacion!$C$2:$C$1000, _xlpm.start_pos):INDEX(Puntuacion!$C$2:$C$1000, _xlpm.end_pos), AVERAGE(_xlpm.points_range) ) -> 160
B6: =COUNTIFS($F$3:$F$970,"<"&$F6)+1 -> 16 | C6: L. Bernuz | D6: Damas | E6: Lucía Bernuz Culebras | F6: 44 | G6: =_xlfn.LET( _xlpm.pos, B6, _xlpm.count_pos, COUNTIF($B$2:$B$982, _xlpm.pos), _xlpm.start_pos, _xlpm.pos, _xlpm.end_pos, _xlpm.pos + _xlpm.count_pos - 1, _xlpm.points_range, INDEX(Puntuacion!$C$2:$C$1000, _xlpm.start_pos):INDEX(Puntuacion!$C$2:$C$1000, _xlpm.end_pos), AVERAGE(_xlpm.points_range) ) -> 175
B7: =COUNTIFS($F$3:$F$970,"<"&$F7)+1 -> 16 | C7: M. Company | D7: Caballeros | E7: Marc Company Salvat | F7: 44 | G7: =_xlfn.LET( _xlpm.pos, B7, _xlpm.count_pos, COUNTIF($B$2:$B$982, _xlpm.pos), _xlpm.start_pos, _xlpm.pos, _xlpm.end_pos, _xlpm.pos + _xlpm.count_pos - 1, _xlpm.points_range, INDEX(Puntuacion!$C$2:$C$1000, _xlpm.start_pos):INDEX(Puntuacion!$C$2:$C$1000, _xlpm.end_pos), AVERAGE(_xlpm.points_range) ) -> 175
B8: =COUNTIFS($F$3:$F$970,"<"&$F8)+1 -> 15 | C8: D. Tellez | D8: Caballeros | E8: David Tellez Viana | F8: 43 | G8: =_xlfn.LET( _xlpm.pos, B8, _xlpm.count_pos, COUNTIF($B$2:$B$982, _xlpm.pos), _xlpm.start_pos, _xlpm.pos, _xlpm.end_pos, _xlpm.pos + _xlpm.count_pos - 1, _xlpm.points_range, INDEX(Puntuacion!$C$2:$C$1000, _xlpm.start_pos):INDEX(Puntuacion!$C$2:$C$1000, _xlpm.end_pos), AVERAGE(_xlpm.points_range) ) -> 190
B9: =COUNTIFS($F$3:$F$970,"<"&$F9)+1 -> 14 | C9: M. Morón | D9: Caballeros | E9: Mario Morón Sancho | F9: 42 | G9: =_xlfn.LET( _xlpm.pos, B9, _xlpm.count_pos, COUNTIF($B$2:$B$982, _xlpm.pos), _xlpm.start_pos, _xlpm.pos, _xlpm.end_pos, _xlpm.pos + _xlpm.count_pos - 1, _xlpm.points_range, INDEX(Puntuacion!$C$2:$C$1000, _xlpm.start_pos):INDEX(Puntuacion!$C$2:$C$1000, _xlpm.end_pos), AVERAGE(_xlpm.points_range) ) -> 200
B10: =COUNTIFS($F$3:$F$970,"<"&$F10)+1 -> 13 | C10: J. Pizarro | D10: Caballeros | E10: Jesús Pizarro Gonzálvez | F10: 41 | G10: =_xlfn.LET( _xlpm.pos, B10, _xlpm.count_pos, COUNTIF($B$2:$B$982, _xlpm.pos), _xlpm.start_pos, _xlpm.pos, _xlpm.end_pos, _xlpm.pos + _xlpm.count_pos - 1, _xlpm.points_range, INDEX(Puntuacion!$C$2:$C$1000, _xlpm.start_pos):INDEX(Puntuacion!$C$2:$C$1000, _xlpm.end_pos), AVERAGE(_xlpm.points_range) ) -> 220
B11: =COUNTIFS($F$3:$F$970,"<"&$F11)+1 -> 11 | C11: B. Reyes | D11: Caballeros | E11: Benito Reyes Gonzalez | F11: 36 | G11: =_xlfn.LET( _xlpm.pos, B11, _xlpm.count_pos, COUNTIF($B$2:$B$982, _xlpm.pos), _xlpm.start_pos, _xlpm.pos, _xlpm.end_pos, _xlpm.pos + _xlpm.count_pos - 1, _xlpm.points_range, INDEX(Puntuacion!$C$2:$C$1000, _xlpm.start_pos):INDEX(Puntuacion!$C$2:$C$1000, _xlpm.end_pos), AVERAGE(_xlpm.points_range) ) -> 250
B12: =COUNTIFS($F$3:$F$970,"<"&$F12)+1 -> 11 | C12: E. MartinRdz | D12: Caballeros | E12: Eduardo Martin Rodriguez | F12: 36 | G12: =_xlfn.LET( _xlpm.pos, B12, _xlpm.count_pos, COUNTIF($B$2:$B$982, _xlpm.pos), _xlpm.start_pos, _xlpm.pos, _xlpm.end_pos, _xlpm.pos + _xlpm.count_pos - 1, _xlpm.points_range, INDEX(Puntuacion!$C$2:$C$1000, _xlpm.start_pos):INDEX(Puntuacion!$C$2:$C$1000, _xlpm.end_pos), AVERAGE(_xlpm.points_range) ) -> 250
B13: =COUNTIFS($F$3:$F$970,"<"&$F13)+1 -> 10 | C13: D. Abril | D13: Caballeros | E13: Daniel Abril Amador | F13: 33 | G13: =_xlfn.LET( _xlpm.pos, B13, _xlpm.count_pos, COUNTIF($B$2:$B$982, _xlpm.pos), _xlpm.start_pos, _xlpm.pos, _xlpm.end_pos, _xlpm.pos + _xlpm.count_pos - 1, _xlpm.points_range, INDEX(Puntuacion!$C$2:$C$1000, _xlpm.start_pos):INDEX(Puntuacion!$C$2:$C$1000, _xlpm.end_pos), AVERAGE(_xlpm.points_range) ) -> 280
B14: =COUNTIFS($F$3:$F$970,"<"&$F14)+1 -> 8 | C14: I. Luengo | D14: Caballeros | E14: ivan luengo robles | F14: 30 | G14: =_xlfn.LET( _xlpm.pos, B14, _xlpm.count_pos, COUNTIF($B$2:$B$982, _xlpm.pos), _xlpm.start_pos, _xlpm.pos, _xlpm.end_pos, _xlpm.pos + _xlpm.count_pos - 1, _xlpm.points_range, INDEX(Puntuacion!$C$2:$C$1000, _xlpm.start_pos):INDEX(Puntuacion!$C$2:$C$1000, _xlpm.end_pos), AVERAGE(_xlpm.points_range) ) -> 325
... B22: =COUNTIFS($F$3:$F$970,"<"&$F22)+1 -> 1 | C22: J. Santiago | D22: Caballeros | E22: Jorge Santiago Buqueras | F22: 9 | G22: =_xlfn.LET( _xlpm.pos, B22, _xlpm.count_pos, COUNTIF($B$2:$B$982, _xlpm.pos), _xlpm.start_pos, _xlpm.pos, _xlpm.end_pos, _xlpm.pos + _xlpm.count_pos - 1, _xlpm.points_range, INDEX(Puntuacion!$C$2:$C$1000, _xlpm.start_pos):INDEX(Puntuacion!$C$2:$C$1000, _xlpm.end_pos), AVERAGE(_xlpm.points_range) ) -> 500

Sheet Etapa 9 Senior
B2: Posicion | C2: FOOTGOLFER NICKNAME | D2: CATEGORÍA INSCRITA | E2: FOOTGOLFER NOMBRE_COMPLETO | F2: Suma de TPAR | G2: Puntos
B3: =COUNTIFS($F$3:$F$953,"<"&$F3)+1 -> 3 | C3: J. Cid3726 | D3: Senior 45 + | E3: Jack Cid Barberá | F3: 187 | G3: =_xlfn.LET( _xlpm.pos, B3, _xlpm.count_pos, COUNTIF($B$2:$B$965, _xlpm.pos), _xlpm.start_pos, _xlpm.pos, _xlpm.end_pos, _xlpm.pos + _xlpm.count_pos - 1, _xlpm.points_range, INDEX(Puntuacion!$C$2:$C$1000, _xlpm.start_pos):INDEX(Puntuacion!$C$2:$C$1000, _xlpm.end_pos), AVERAGE(_xlpm.points_range) ) -> 450
B4: =COUNTIFS($F$3:$F$953,"<"&$F4)+1 -> 2 | C4: F. Guillamón | D4: Senior 45 + | E4: Fernando Martínez Guillamón | F4: 58 | G4: =_xlfn.LET( _xlpm.pos, B4, _xlpm.count_pos, COUNTIF($B$2:$B$965, _xlpm.pos), _xlpm.start_pos, _xlpm.pos, _xlpm.end_pos, _xlpm.pos + _xlpm.count_pos - 1, _xlpm.points_range, INDEX(Puntuacion!$C$2:$C$1000, _xlpm.start_pos):INDEX(Puntuacion!$C$2:$C$1000, _xlpm.end_pos), AVERAGE(_xlpm.points_range) ) -> 475
B5: =COUNTIFS($F$3:$F$953,"<"&$F5)+1 -> 1 | C5: D. Linares | D5: Senior 45 + | E5: David Linares Ramos | F5: 28 | G5: =_xlfn.LET( _xlpm.pos, B5, _xlpm.count_pos, COUNTIF($B$2:$B$965, _xlpm.pos), _xlpm.start_pos, _xlpm.pos, _xlpm.end_pos, _xlpm.pos + _xlpm.count_pos - 1, _xlpm.points_range, INDEX(Puntuacion!$C$2:$C$1000, _xlpm.start_pos):INDEX(Puntuacion!$C$2:$C$1000, _xlpm.end_pos), AVERAGE(_xlpm.points_range) ) -> 500

Sheet Etapa 9 Rookie
B2: Posicion | C2: FOOTGOLFER NICKNAME | D2: CATEGORÍA INSCRITA | E2: FOOTGOLFER NOMBRE_COMPLETO | F2: Suma de TPAR | G2: Puntos
B3: =COUNTIFS($F$3:$F$960,"<"&$F3)+1 -> 10 | C3: M. Company | D3: Caballeros | E3: Marc Company Salvat | F3: 44 | G3: =_xlfn.LET( _xlpm.pos, B3, _xlpm.count_pos, COUNTIF($B$2:$B$972, _xlpm.pos), _xlpm.start_pos, _xlpm.pos, _xlpm.end_pos, _xlpm.pos + _xlpm.count_pos - 1, _xlpm.points_range, INDEX(Puntuacion!$C$2:$C$1000, _xlpm.start_pos):INDEX(Puntuacion!$C$2:$C$1000, _xlpm.end_pos), AVERAGE(_xlpm.points_range) ) -> 280
B4: =COUNTIFS($F$3:$F$960,"<"&$F4)+1 -> 9 | C4: D. Tellez | D4: Caballeros | E4: David Tellez Viana | F4: 43 | G4: =_xlfn.LET( _xlpm.pos, B4, _xlpm.count_pos, COUNTIF($B$2:$B$972, _xlpm.pos), _xlpm.start_pos, _xlpm.pos, _xlpm.end_pos, _xlpm.pos + _xlpm.count_pos - 1, _xlpm.points_range, INDEX(Puntuacion!$C$2:$C$1000, _xlpm.start_pos):INDEX(Puntuacion!$C$2:$C$1000, _xlpm.end_pos), AVERAGE(_xlpm.points_range) ) -> 300
B5: =COUNTIFS($F$3:$F$960,"<"&$F5)+1 -> 8 | C5: M. Morón | D5: Caballeros | E5: Mario Morón Sancho | F5: 42 | G5: =_xlfn.LET( _xlpm.pos, B5, _xlpm.count_pos, COUNTIF($B$2:$B$972, _xlpm.pos), _xlpm.start_pos, _xlpm.pos, _xlpm.end_pos, _xlpm.pos + _xlpm.count_pos - 1, _xlpm.points_range, INDEX(Puntuacion!$C$2:$C$1000, _xlpm.start_pos):INDEX(Puntuacion!$C$2:$C$1000, _xlpm.end_pos), AVERAGE(_xlpm.points_range) ) -> 325
B6: =COUNTIFS($F$3:$F$960,"<"&$F6)+1 -> 6 | C6: B. Reyes | D6: Caballeros | E6: Benito Reyes Gonzalez | F6: 36 | G6: =_xlfn.LET( _xlpm.pos, B6, _xlpm.count_pos, COUNTIF($B$2:$B$972, _xlpm.pos), _xlpm.start_pos, _xlpm.pos, _xlpm.end_pos, _xlpm.pos + _xlpm.count_pos - 1, _xlpm.points_range, INDEX(Puntuacion!$C$2:$C$1000, _xlpm.start_pos):INDEX(Puntuacion!$C$2:$C$1000, _xlpm.end_pos), AVERAGE(_xlpm.points_range) ) -> 362.5
B7: =COUNTIFS($F$3:$F$960,"<"&$F7)+1 -> 6 | C7: E. MartinRdz | D7: Caballeros | E7: Eduardo Martin Rodriguez | F7: 36 | G7: =_xlfn.LET( _xlpm.pos, B7, _xlpm.count_pos, COUNTIF($B$2:$B$972, _xlpm.pos), _xlpm.start_pos, _xlpm.pos, _xlpm.end_pos, _xlpm.pos + _xlpm.count_pos - 1, _xlpm.points_range, INDEX(Puntuacion!$C$2:$C$1000, _xlpm.start_pos):INDEX(Puntuacion!$C$2:$C$1000, _xlpm.end_pos), AVERAGE(_xlpm.points_range) ) -> 362.5
B8: =COUNTIFS($F$3:$F$960,"<"&$F8)+1 -> 5 | C8: D. Abril | D8: Caballeros | E8: Daniel Abril Amador | F8: 33 | G8: =_xlfn.LET( _xlpm.pos, B8, _xlpm.count_pos, COUNTIF($B$2:$B$972, _xlpm.pos), _xlpm.start_pos, _xlpm.pos, _xlpm.end_pos, _xlpm.pos + _xlpm.count_pos - 1, _xlpm.points_range, INDEX(Puntuacion!$C$2:$C$1000, _xlpm.start_pos):INDEX(Puntuacion!$C$2:$C$1000, _xlpm.end_pos), AVERAGE(_xlpm.points_range) ) -> 400
B9: =COUNTIFS($F$3:$F$960,"<"&$F9)+1 -> 3 | C9: I. Luengo | D9: Caballeros | E9: ivan luengo robles | F9: 30 | G9: =_xlfn.LET( _xlpm.pos, B9, _xlpm.count_pos, COUNTIF($B$2:$B$972, _xlpm.pos), _xlpm.start_pos, _xlpm.pos, _xlpm.end_pos, _xlpm.pos + _xlpm.count_pos - 1, _xlpm.points_range, INDEX(Puntuacion!$C$2:$C$1000, _xlpm.start_pos):INDEX(Puntuacion!$C$2:$C$1000, _xlpm.end_pos), AVERAGE(_xlpm.points_range) ) -> 450
B10: =COUNTIFS($F$3:$F$960,"<"&$F10)+1 -> 2 | C10: A. Leiva | D10: Caballeros | E10: Alberto Leiva cañada | F10: 26 | G10: =_xlfn.LET( _xlpm.pos, B10, _xlpm.count_pos, COUNTIF($B$2:$B$972, _xlpm.pos), _xlpm.start_pos, _xlpm.pos, _xlpm.end_pos, _xlpm.pos + _xlpm.count_pos - 1, _xlpm.points_range, INDEX(Puntuacion!$C$2:$C$1000, _xlpm.start_pos):INDEX(Puntuacion!$C$2:$C$1000, _xlpm.end_pos), AVERAGE(_xlpm.points_range) ) -> 475
B11: =COUNTIFS($F$3:$F$960,"<"&$F11)+1 -> 4 | C11: S. Pahisa | D11: Caballeros | E11: Sergi Pahisa | F11: 31 | G11: =_xlfn.LET( _xlpm.pos, B11, _xlpm.count_pos, COUNTIF($B$2:$B$972, _xlpm.pos), _xlpm.start_pos, _xlpm.pos, _xlpm.end_pos, _xlpm.pos + _xlpm.count_pos - 1, _xlpm.points_range, INDEX(Puntuacion!$C$2:$C$1000, _xlpm.start_pos):INDEX(Puntuacion!$C$2:$C$1000, _xlpm.end_pos), AVERAGE(_xlpm.points_range) ) -> 425
B12: =COUNTIFS($F$3:$F$960,"<"&$F12)+1 -> 1 | C12: X. Leiva | D12: Caballeros | E12: Xavi Leiva Cañada | F12: 23 | G12: =_xlfn.LET( _xlpm.pos, B12, _xlpm.count_pos, COUNTIF($B$2:$B$972, _xlpm.pos), _xlpm.start_pos, _xlpm.pos, _xlpm.end_pos, _xlpm.pos + _xlpm.count_pos - 1, _xlpm.points_range, INDEX(Puntuacion!$C$2:$C$1000, _xlpm.start_pos):INDEX(Puntuacion!$C$2:$C$1000, _xlpm.end_pos), AVERAGE(_xlpm.points_range) ) -> 500

Sheet Etapa 4 Plata
B2: Posicion | C2: FOOTGOLFER NICKNAME | D2: CATEGORÍA INSCRITA | E2: FOOTGOLFER NOMBRE_COMPLETO | F2: Suma de TPAR | G2: Puntos
B3: =COUNTIFS($F$3:$F$955,"<"&$F3)+1 -> 6 | C3: F. Guillamón | D3: Senior 45 + | E3: Fernando Martínez Guillamón | F3: 58 | G3: =_xlfn.LET( _xlpm.pos, B3, _xlpm.count_pos, COUNTIF($B$2:$B$967, _xlpm.pos), _xlpm.start_pos, _xlpm.pos, _xlpm.end_pos, _xlpm.pos + _xlpm.count_pos - 1, _xlpm.points_range, INDEX(Puntuacion!$C$2:$C$1000, _xlpm.start_pos):INDEX(Puntuacion!$C$2:$C$1000, _xlpm.end_pos), AVERAGE(_xlpm.points_range) ) -> 375
B4: =COUNTIFS($F$3:$F$955,"<"&$F4)+1 -> 5 | C4: M. Company | D4: Caballeros | E4: Marc Company Salvat | F4: 44 | G4: =_xlfn.LET( _xlpm.pos, B4, _xlpm.count_pos, COUNTIF($B$2:$B$967, _xlpm.pos), _xlpm.start_pos, _xlpm.pos, _xlpm.end_pos, _xlpm.pos + _xlpm.count_pos - 1, _xlpm.points_range, INDEX(Puntuacion!$C$2:$C$1000, _xlpm.start_pos):INDEX(Puntuacion!$C$2:$C$1000, _xlpm.end_pos), AVERAGE(_xlpm.points_range) ) -> 400
B5: =COUNTIFS($F$3:$F$955,"<"&$F5)+1 -> 4 | C5: M. Morón | D5: Caballeros | E5: Mario Morón Sancho | F5: 42 | G5: =_xlfn.LET( _xlpm.pos, B5, _xlpm.count_pos, COUNTIF($B$2:$B$967, _xlpm.pos), _xlpm.start_pos, _xlpm.pos, _xlpm.end_pos, _xlpm.pos + _xlpm.count_pos - 1, _xlpm.points_range, INDEX(Puntuacion!$C$2:$C$1000, _xlpm.start_pos):INDEX(Puntuacion!$C$2:$C$1000, _xlpm.end_pos), AVERAGE(_xlpm.points_range) ) -> 425
B6: =COUNTIFS($F$3:$F$955,"<"&$F6)+1 -> 3 | C6: D. Abril | D6: Caballeros | E6: Daniel Abril Amador | F6: 33 | G6: =_xlfn.LET( _xlpm.pos, B6, _xlpm.count_pos, COUNTIF($B$2:$B$967, _xlpm.pos), _xlpm.start_pos, _xlpm.pos, _xlpm.end_pos, _xlpm.pos + _xlpm.count_pos - 1, _xlpm.points_range, INDEX(Puntuacion!$C$2:$C$1000, _xlpm.start_pos):INDEX(Puntuacion!$C$2:$C$1000, _xlpm.end_pos), AVERAGE(_xlpm.points_range) ) -> 450
B7: =COUNTIFS($F$3:$F$955,"<"&$F7)+1 -> 2 | C7: S. Pahisa | D7: Caballeros | E7: Sergi Pahisa | F7: 31 | G7: =_xlfn.LET( _xlpm.pos, B7, _xlpm.count_pos, COUNTIF($B$2:$B$967, _xlpm.pos), _xlpm.start_pos, _xlpm.pos, _xlpm.end_pos, _xlpm.pos + _xlpm.count_pos - 1, _xlpm.points_range, INDEX(Puntuacion!$C$2:$C$1000, _xlpm.start_pos):INDEX(Puntuacion!$C$2:$C$1000, _xlpm.end_pos), AVERAGE(_xlpm.points_range) ) -> 475
B8: =COUNTIFS($F$3:$F$960,"<"&$F8)+1 -> 1 | C8: I. Luengo | D8: Caballeros | E8: ivan luengo robles | F8: 30 | G8: =_xlfn.LET( _xlpm.pos, B8, _xlpm.count_pos, COUNTIF($B$2:$B$972, _xlpm.pos), _xlpm.start_pos, _xlpm.pos, _xlpm.end_pos, _xlpm.pos + _xlpm.count_pos - 1, _xlpm.points_range, INDEX(Puntuacion!$C$2:$C$1000, _xlpm.start_pos):INDEX(Puntuacion!$C$2:$C$1000, _xlpm.end_pos), AVERAGE(_xlpm.points_range) ) -> 500

Sheet Etapa 8 Absoluta
B2: Posicion | C2: FOOTGOLFER NICKNAME | D2: CATEGORÍA INSCRITA | E2: FOOTGOLFER NOMBRE_COMPLETO | F2: TPAR | G2: Puntos
B3: =COUNTIFS($F$3:$F$971,"<"&$F3)+1 -> 22 | C3: J. Medina3526 | D3: Caballeros | E3: Juan Medina | F3: 179 | G3: =_xlfn.LET( _xlpm.pos, B3, _xlpm.count_pos, COUNTIF($B$2:$B$982, _xlpm.pos), _xlpm.start_pos, _xlpm.pos, _xlpm.end_pos, _xlpm.pos + _xlpm.count_pos - 1, _xlpm.points_range, INDEX(Puntuacion!$B$2:$B$1000, _xlpm.start_pos):INDEX(Puntuacion!$B$2:$B$1000, _xlpm.end_pos), AVERAGE(_xlpm.points_range) ) -> 62
B4: =COUNTIFS($F$3:$F$971,"<"&$F4)+1 -> 21 | C4: J. Torre | D4: Senior 45 + | E4: Joan Torre Rodríguez | F4: 21 | G4: =_xlfn.LET( _xlpm.pos, B4, _xlpm.count_pos, COUNTIF($B$2:$B$982, _xlpm.pos), _xlpm.start_pos, _xlpm.pos, _xlpm.end_pos, _xlpm.pos + _xlpm.count_pos - 1, _xlpm.points_range, INDEX(Puntuacion!$B$2:$B$1000, _xlpm.start_pos):INDEX(Puntuacion!$B$2:$B$1000, _xlpm.end_pos), AVERAGE(_xlpm.points_range) ) -> 66
B5: =COUNTIFS($F$3:$F$971,"<"&$F5)+1 -> 20 | C5: F. Guillamón | D5: Senior 45 + | E5: Fernando Martínez Guillamón | F5: 18 | G5: =_xlfn.LET( _xlpm.pos, B5, _xlpm.count_pos, COUNTIF($B$2:$B$982, _xlpm.pos), _xlpm.start_pos, _xlpm.pos, _xlpm.end_pos, _xlpm.pos + _xlpm.count_pos - 1, _xlpm.points_range, INDEX(Puntuacion!$B$2:$B$1000, _xlpm.start_pos):INDEX(Puntuacion!$B$2:$B$1000, _xlpm.end_pos), AVERAGE(_xlpm.points_range) ) -> 70
B6: =COUNTIFS($F$3:$F$971,"<"&$F6)+1 -> 19 | C6: R. Linares | D6: Senior 45 + | E6: Raúl Linares Ramos | F6: 17 | G6: =_xlfn.LET( _xlpm.pos, B6, _xlpm.count_pos, COUNTIF($B$2:$B$982, _xlpm.pos), _xlpm.start_pos, _xlpm.pos, _xlpm.end_pos, _xlpm.pos + _xlpm.count_pos - 1, _xlpm.points_range, INDEX(Puntuacion!$B$2:$B$1000, _xlpm.start_pos):INDEX(Puntuacion!$B$2:$B$1000, _xlpm.end_pos), AVERAGE(_xlpm.points_range) ) -> 75
B7: =COUNTIFS($F$3:$F$971,"<"&$F7)+1 -> 18 | C7: J. Pizarro | D7: Caballeros | E7: Jesús Pizarro Gonzálvez | F7: 16 | G7: =_xlfn.LET( _xlpm.pos, B7, _xlpm.count_pos, COUNTIF($B$2:$B$982, _xlpm.pos), _xlpm.start_pos, _xlpm.pos, _xlpm.end_pos, _xlpm.pos + _xlpm.count_pos - 1, _xlpm.points_range, INDEX(Puntuacion!$B$2:$B$1000, _xlpm.start_pos):INDEX(Puntuacion!$B$2:$B$1000, _xlpm.end_pos), AVERAGE(_xlpm.points_range) ) -> 80
B8: =COUNTIFS($F$3:$F$971,"<"&$F8)+1 -> 17 | C8: D. Cortés | D8: Caballeros | E8: David Cortés Segura | F8: 15 | G8: =_xlfn.LET( _xlpm.pos, B8, _xlpm.count_pos, COUNTIF($B$2:$B$982, _xlpm.pos), _xlpm.start_pos, _xlpm.pos, _xlpm.end_pos, _xlpm.pos + _xlpm.count_pos - 1, _xlpm.points_range, INDEX(Puntuacion!$B$2:$B$1000, _xlpm.start_pos):INDEX(Puntuacion!$B$2:$B$1000, _xlpm.end_pos), AVERAGE(_xlpm.points_range) ) -> 85
B9: =COUNTIFS($F$3:$F$971,"<"&$F9)+1 -> 16 | C9: M. Company | D9: Caballeros | E9: Marc Company Salvat | F9: 13 | G9: =_xlfn.LET( _xlpm.pos, B9, _xlpm.count_pos, COUNTIF($B$2:$B$982, _xlpm.pos), _xlpm.start_pos, _xlpm.pos, _xlpm.end_pos, _xlpm.pos + _xlpm.count_pos - 1, _xlpm.points_range, INDEX(Puntuacion!$B$2:$B$1000, _xlpm.start_pos):INDEX(Puntuacion!$B$2:$B$1000, _xlpm.end_pos), AVERAGE(_xlpm.points_range) ) -> 90
B10: =COUNTIFS($F$3:$F$971,"<"&$F10)+1 -> 15 | C10: S. Perez | D10: Caballeros | E10: Sergi Perez Vilar | F10: 8 | G10: =_xlfn.LET( _xlpm.pos, B10, _xlpm.count_pos, COUNTIF($B$2:$B$982, _xlpm.pos), _xlpm.start_pos, _xlpm.pos, _xlpm.end_pos, _xlpm.pos + _xlpm.count_pos - 1, _xlpm.points_range, INDEX(Puntuacion!$B$2:$B$1000, _xlpm.start_pos):INDEX(Puntuacion!$B$2:$B$1000, _xlpm.end_pos), AVERAGE(_xlpm.points_range) ) -> 95
B11: =COUNTIFS($F$3:$F$971,"<"&$F11)+1 -> 14 | C11: A. Leiva | D11: Caballeros | E11: Alberto Leiva cañada | F11: 7 | G11: =_xlfn.LET( _xlpm.pos, B11, _xlpm.count_pos, COUNTIF($B$2:$B$982, _xlpm.pos), _xlpm.start_pos, _xlpm.pos, _xlpm.end_pos, _xlpm.pos + _xlpm.count_pos - 1, _xlpm.points_range, INDEX(Puntuacion!$B$2:$B$1000, _xlpm.start_pos):INDEX(Puntuacion!$B$2:$B$1000, _xlpm.end_pos), AVERAGE(_xlpm.points_range) ) -> 100
B12: =COUNTIFS($F$3:$F$971,"<"&$F12)+1 -> 13 | C12: M. Morón | D12: Caballeros | E12: Mario Morón Sancho | F12: 5 | G12: =_xlfn.LET( _xlpm.pos, B12, _xlpm.count_pos, COUNTIF($B$2:$B$982, _xlpm.pos), _xlpm.start_pos, _xlpm.pos, _xlpm.end_pos, _xlpm.pos + _xlpm.count_pos - 1, _xlpm.points_range, INDEX(Puntuacion!$B$2:$B$1000, _xlpm.start_pos):INDEX(Puntuacion!$B$2:$B$1000, _xlpm.end_pos), AVERAGE(_xlpm.points_range) ) -> 110
B13: =COUNTIFS($F$3:$F$971,"<"&$F13)+1 -> 12 | C13: G. Verse | D13: Senior 55 + | E13: Gustavo Verse | F13: 4 | G13: =_xlfn.LET( _xlpm.pos, B13, _xlpm.count_pos, COUNTIF($B$2:$B$982, _xlpm.pos), _xlpm.start_pos, _xlpm.pos, _xlpm.end_pos, _xlpm.pos + _xlpm.count_pos - 1, _xlpm.points_range, INDEX(Puntuacion!$B$2:$B$1000, _xlpm.start_pos):INDEX(Puntuacion!$B$2:$B$1000, _xlpm.end_pos), AVERAGE(_xlpm.points_range) ) -> 120
B14: =COUNTIFS($F$3:$F$971,"<"&$F14)+1 -> 11 | C14: B. Reyes | D14: Caballeros | E14: Benito Reyes Gonzalez | F14: 3 | G14: =_xlfn.LET( _xlpm.pos, B14, _xlpm.count_pos, COUNTIF($B$2:$B$982, _xlpm.pos), _xlpm.start_pos, _xlpm.pos, _xlpm.end_pos, _xlpm.pos + _xlpm.count_pos - 1, _xlpm.points_range, INDEX(Puntuacion!$B$2:$B$1000, _xlpm.start_pos):INDEX(Puntuacion!$B$2:$B$1000, _xlpm.end_pos), AVERAGE(_xlpm.points_range) ) -> 130
... B20: =COUNTIFS($F$3:$F$971,"<"&$F20)+1 -> 5 | C20: O. Tressens | D20: Senior 45 + | E20: Olivier Tressens | F20: -1 | G20: =_xlfn.LET( _xlpm.pos, B20, _xlpm.count_pos, COUNTIF($B$2:$B$982, _xlpm.pos), _xlpm.start_pos, _xlpm.pos, _xlpm.end_pos, _xlpm.pos + _xlpm.count_pos - 1, _xlpm.points_range, INDEX(Puntuacion!$B$2:$B$1000, _xlpm.start_pos):INDEX(Puntuacion!$B$2:$B$1000, _xlpm.end_pos), AVERAGE(_xlpm.points_range) ) -> 185
B21: 4 | C21: E. MartinRdz | D21: Caballeros | E21: Eduardo Martin Rodriguez | F21: -2 | G21: =_xlfn.LET( _xlpm.pos, B21, _xlpm.count_pos, COUNTIF($B$2:$B$982, _xlpm.pos), _xlpm.start_pos, _xlpm.pos, _xlpm.end_pos, _xlpm.pos + _xlpm.count_pos - 1, _xlpm.points_range, INDEX(Puntuacion!$B$2:$B$1000, _xlpm.start_pos):INDEX(Puntuacion!$B$2:$B$1000, _xlpm.end_pos), AVERAGE(_xlpm.points_range) ) -> 200
B22: =COUNTIFS($F$3:$F$971,"<"&$F22)+1 -> 3 | C22: X. Leiva | D22: Caballeros | E22: Xavi Leiva Cañada | F22: -2 | G22: =_xlfn.LET( _xlpm.pos, B22, _xlpm.count_pos, COUNTIF($B$2:$B$982, _xlpm.pos), _xlpm.start_pos, _xlpm.pos, _xlpm.end_pos, _xlpm.pos + _xlpm.count_pos - 1, _xlpm.points_range, INDEX(Puntuacion!$B$2:$B$1000, _xlpm.start_pos):INDEX(Puntuacion!$B$2:$B$1000, _xlpm.end_pos), AVERAGE(_xlpm.points_range) ) -> 215
B23: =COUNTIFS($F$3:$F$971,"<"&$F23)+1 -> 2 | C23: D. Tellez | D23: Caballeros | E23: David Tellez Viana | F23: -7 | G23: =_xlfn.LET( _xlpm.pos, B23, _xlpm.count_pos, COUNTIF($B$2:$B$982, _xlpm.pos), _xlpm.start_pos, _xlpm.pos, _xlpm.end_pos, _xlpm.pos + _xlpm.count_pos - 1, _xlpm.points_range, INDEX(Puntuacion!$B$2:$B$1000, _xlpm.start_pos):INDEX(Puntuacion!$B$2:$B$1000, _xlpm.end_pos), AVERAGE(_xlpm.points_range) ) -> 230
B24: =COUNTIFS($F$3:$F$971,"<"&$F24)+1 -> 1 | C24: J. Santiago | D24: Caballeros | E24: Jorge Santiago Buqueras | F24: -8 | G24: =_xlfn.LET( _xlpm.pos, B24, _xlpm.count_pos, COUNTIF($B$2:$B$982, _xlpm.pos), _xlpm.start_pos, _xlpm.pos, _xlpm.end_pos, _xlpm.pos + _xlpm.count_pos - 1, _xlpm.points_range, INDEX(Puntuacion!$B$2:$B$1000, _xlpm.start_pos):INDEX(Puntuacion!$B$2:$B$1000, _xlpm.end_pos), AVERAGE(_xlpm.points_range) ) -> 250

Sheet Etapa 8 Senior
B2: Posicion | C2: FOOTGOLFER NICKNAME | D2: CATEGORÍA INSCRITA | E2: FOOTGOLFER NOMBRE_COMPLETO | F2: TPAR | G2: Puntos
B3: =COUNTIFS($F$3:$F$953,"<"&$F3)+1 -> 4 | C3: J. Torre | D3: Senior 45 + | E3: Joan Torre Rodríguez | F3: 21 | G3: =_xlfn.LET( _xlpm.pos, B3, _xlpm.count_pos, COUNTIF($B$2:$B$964, _xlpm.pos), _xlpm.start_pos, _xlpm.pos, _xlpm.end_pos, _xlpm.pos + _xlpm.count_pos - 1, _xlpm.points_range, INDEX(Puntuacion!$B$2:$B$1000, _xlpm.start_pos):INDEX(Puntuacion!$B$2:$B$1000, _xlpm.end_pos), AVERAGE(_xlpm.points_range) ) -> 200
B4: =COUNTIFS($F$3:$F$953,"<"&$F4)+1 -> 3 | C4: F. Guillamón | D4: Senior 45 + | E4: Fernando Martínez Guillamón | F4: 18 | G4: =_xlfn.LET( _xlpm.pos, B4, _xlpm.count_pos, COUNTIF($B$2:$B$964, _xlpm.pos), _xlpm.start_pos, _xlpm.pos, _xlpm.end_pos, _xlpm.pos + _xlpm.count_pos - 1, _xlpm.points_range, INDEX(Puntuacion!$B$2:$B$1000, _xlpm.start_pos):INDEX(Puntuacion!$B$2:$B$1000, _xlpm.end_pos), AVERAGE(_xlpm.points_range) ) -> 215
B5: =COUNTIFS($F$3:$F$953,"<"&$F5)+1 -> 2 | C5: R. Linares | D5: Senior 45 + | E5: Raúl Linares Ramos | F5: 17 | G5: =_xlfn.LET( _xlpm.pos, B5, _xlpm.count_pos, COUNTIF($B$2:$B$964, _xlpm.pos), _xlpm.start_pos, _xlpm.pos, _xlpm.end_pos, _xlpm.pos + _xlpm.count_pos - 1, _xlpm.points_range, INDEX(Puntuacion!$B$2:$B$1000, _xlpm.start_pos):INDEX(Puntuacion!$B$2:$B$1000, _xlpm.end_pos), AVERAGE(_xlpm.points_range) ) -> 230
B6: =COUNTIFS($F$3:$F$953,"<"&$F6)+1 -> 1 | C6: O. Tressens | D6: Senior 45 + | E6: Olivier Tressens | F6: -1 | G6: =_xlfn.LET( _xlpm.pos, B6, _xlpm.count_pos, COUNTIF($B$2:$B$964, _xlpm.pos), _xlpm.start_pos, _xlpm.pos, _xlpm.end_pos, _xlpm.pos + _xlpm.count_pos - 1, _xlpm.points_range, INDEX(Puntuacion!$B$2:$B$1000, _xlpm.start_pos):INDEX(Puntuacion!$B$2:$B$1000, _xlpm.end_pos), AVERAGE(_xlpm.points_range) ) -> 250

Sheet Etapa 8 Rookie
B2: Posicion | C2: FOOTGOLFER NICKNAME | D2: CATEGORÍA INSCRITA | E2: FOOTGOLFER NOMBRE_COMPLETO | F2: TPAR | G2: Puntos
B3: =COUNTIFS($F$3:$F$962,"<"&$F3)+1 -> 13 | C3: J. Medina3526 | D3: Caballeros | E3: Juan Medina | F3: 179 | G3: =_xlfn.LET( _xlpm.pos, B3, _xlpm.count_pos, COUNTIF($B$2:$B$973, _xlpm.pos), _xlpm.start_pos, _xlpm.pos, _xlpm.end_pos, _xlpm.pos + _xlpm.count_pos - 1, _xlpm.points_range, INDEX(Puntuacion!$B$2:$B$1000, _xlpm.start_pos):INDEX(Puntuacion!$B$2:$B$1000, _xlpm.end_pos), AVERAGE(_xlpm.points_range) ) -> 110
B4: =COUNTIFS($F$3:$F$962,"<"&$F4)+1 -> 12 | C4: R. Linares | D4: Senior 45 + | E4: Raúl Linares Ramos | F4: 17 | G4: =_xlfn.LET( _xlpm.pos, B4, _xlpm.count_pos, COUNTIF($B$2:$B$973, _xlpm.pos), _xlpm.start_pos, _xlpm.pos, _xlpm.end_pos, _xlpm.pos + _xlpm.count_pos - 1, _xlpm.points_range, INDEX(Puntuacion!$B$2:$B$1000, _xlpm.start_pos):INDEX(Puntuacion!$B$2:$B$1000, _xlpm.end_pos), AVERAGE(_xlpm.points_range) ) -> 120
B5: =COUNTIFS($F$3:$F$962,"<"&$F5)+1 -> 11 | C5: D. Cortés | D5: Caballeros | E5: David Cortés Segura | F5: 15 | G5: =_xlfn.LET( _xlpm.pos, B5, _xlpm.count_pos, COUNTIF($B$2:$B$973, _xlpm.pos), _xlpm.start_pos, _xlpm.pos, _xlpm.end_pos, _xlpm.pos + _xlpm.count_pos - 1, _xlpm.points_range, INDEX(Puntuacion!$B$2:$B$1000, _xlpm.start_pos):INDEX(Puntuacion!$B$2:$B$1000, _xlpm.end_pos), AVERAGE(_xlpm.points_range) ) -> 130
B6: =COUNTIFS($F$3:$F$962,"<"&$F6)+1 -> 10 | C6: M. Company | D6: Caballeros | E6: Marc Company Salvat | F6: 13 | G6: =_xlfn.LET( _xlpm.pos, B6, _xlpm.count_pos, COUNTIF($B$2:$B$973, _xlpm.pos), _xlpm.start_pos, _xlpm.pos, _xlpm.end_pos, _xlpm.pos + _xlpm.count_pos - 1, _xlpm.points_range, INDEX(Puntuacion!$B$2:$B$1000, _xlpm.start_pos):INDEX(Puntuacion!$B$2:$B$1000, _xlpm.end_pos), AVERAGE(_xlpm.points_range) ) -> 140
B7: =COUNTIFS($F$3:$F$962,"<"&$F7)+1 -> 9 | C7: A. Leiva | D7: Caballeros | E7: Alberto Leiva cañada | F7: 7 | G7: =_xlfn.LET( _xlpm.pos, B7, _xlpm.count_pos, COUNTIF($B$2:$B$973, _xlpm.pos), _xlpm.start_pos, _xlpm.pos, _xlpm.end_pos, _xlpm.pos + _xlpm.count_pos - 1, _xlpm.points_range, INDEX(Puntuacion!$B$2:$B$1000, _xlpm.start_pos):INDEX(Puntuacion!$B$2:$B$1000, _xlpm.end_pos), AVERAGE(_xlpm.points_range) ) -> 150
B8: =COUNTIFS($F$3:$F$962,"<"&$F8)+1 -> 8 | C8: M. Morón | D8: Caballeros | E8: Mario Morón Sancho | F8: 5 | G8: =_xlfn.LET( _xlpm.pos, B8, _xlpm.count_pos, COUNTIF($B$2:$B$973, _xlpm.pos), _xlpm.start_pos, _xlpm.pos, _xlpm.end_pos, _xlpm.pos + _xlpm.count_pos - 1, _xlpm.points_range, INDEX(Puntuacion!$B$2:$B$1000, _xlpm.start_pos):INDEX(Puntuacion!$B$2:$B$1000, _xlpm.end_pos), AVERAGE(_xlpm.points_range) ) -> 160
B9: =COUNTIFS($F$3:$F$962,"<"&$F9)+1 -> 7 | C9: B. Reyes | D9: Caballeros | E9: Benito Reyes Gonzalez | F9: 3 | G9: =_xlfn.LET( _xlpm.pos, B9, _xlpm.count_pos, COUNTIF($B$2:$B$973, _xlpm.pos), _xlpm.start_pos, _xlpm.pos, _xlpm.end_pos, _xlpm.pos + _xlpm.count_pos - 1, _xlpm.points_range, INDEX(Puntuacion!$B$2:$B$1000, _xlpm.start_pos):INDEX(Puntuacion!$B$2:$B$1000, _xlpm.end_pos), AVERAGE(_xlpm.points_range) ) -> 170
B10: =COUNTIFS($F$3:$F$962,"<"&$F10)+1 -> 6 | C10: D. Abril | D10: Caballeros | E10: Daniel Abril Amador | F10: 2 | G10: =_xlfn.LET( _xlpm.pos, B10, _xlpm.count_pos, COUNTIF($B$2:$B$973, _xlpm.pos), _xlpm.start_pos, _xlpm.pos, _xlpm.end_pos, _xlpm.pos + _xlpm.count_pos - 1, _xlpm.points_range, INDEX(Puntuacion!$B$2:$B$1000, _xlpm.start_pos):INDEX(Puntuacion!$B$2:$B$1000, _xlpm.end_pos), AVERAGE(_xlpm.points_range) ) -> 180
B11: =COUNTIFS($F$3:$F$962,"<"&$F11)+1 -> 5 | C11: S. Pahisa | D11: Caballeros | E11: Sergi Pahisa | F11: 1 | G11: =_xlfn.LET( _xlpm.pos, B11, _xlpm.count_pos, COUNTIF($B$2:$B$973, _xlpm.pos), _xlpm.start_pos, _xlpm.pos, _xlpm.end_pos, _xlpm.pos + _xlpm.count_pos - 1, _xlpm.points_range, INDEX(Puntuacion!$B$2:$B$1000, _xlpm.start_pos):INDEX(Puntuacion!$B$2:$B$1000, _xlpm.end_pos), AVERAGE(_xlpm.points_range) ) -> 190
B12: =COUNTIFS($F$3:$F$962,"<"&$F12)+1 -> 4 | C12: G. Masuck | D12: Caballeros | E12: Gastón Masuck Cardozo | F12: 0 | G12: =_xlfn.LET( _xlpm.pos, B12, _xlpm.count_pos, COUNTIF($B$2:$B$973, _xlpm.pos), _xlpm.start_pos, _xlpm.pos, _xlpm.end_pos, _xlpm.pos + _xlpm.count_pos - 1, _xlpm.points_range, INDEX(Puntuacion!$B$2:$B$1000, _xlpm.start_pos):INDEX(Puntuacion!$B$2:$B$1000, _xlpm.end_pos), AVERAGE(_xlpm.points_range) ) -> 200
B13: 3 | C13: E. MartinRdz | D13: Caballeros | E13: Eduardo Martin Rodriguez | F13: -2 | G13: =_xlfn.LET( _xlpm.pos, B13, _xlpm.count_pos, COUNTIF($B$2:$B$973, _xlpm.pos), _xlpm.start_pos, _xlpm.pos, _xlpm.end_pos, _xlpm.pos + _xlpm.count_pos - 1, _xlpm.points_range, INDEX(Puntuacion!$B$2:$B$1000, _xlpm.start_pos):INDEX(Puntuacion!$B$2:$B$1000, _xlpm.end_pos), AVERAGE(_xlpm.points_range) ) -> 215
B14: =COUNTIFS($F$3:$F$962,"<"&$F14)+1 -> 2 | C14: X. Leiva | D14: Caballeros | E14: Xavi Leiva Cañada | F14: -2 | G14: =_xlfn.LET( _xlpm.pos, B14, _xlpm.count_pos, COUNTIF($B$2:$B$973, _xlpm.pos), _xlpm.start_pos, _xlpm.pos, _xlpm.end_pos, _xlpm.pos + _xlpm.count_pos - 1, _xlpm.points_range, INDEX(Puntuacion!$B$2:$B$1000, _xlpm.start_pos):INDEX(Puntuacion!$B$2:$B$1000, _xlpm.end_pos), AVERAGE(_xlpm.points_range) ) -> 230
B15: =COUNTIFS($F$3:$F$962,"<"&$F15)+1 -> 1 | C15: D. Tellez | D15: Caballeros | E15: David Tellez Viana | F15: -7 | G15: =_xlfn.LET( _xlpm.pos, B15, _xlpm.count_pos, COUNTIF($B$2:$B$973, _xlpm.pos), _xlpm.start_pos, _xlpm.pos, _xlpm.end_pos, _xlpm.pos + _xlpm.count_pos - 1, _xlpm.points_range, INDEX(Puntuacion!$B$2:$B$1000, _xlpm.start_pos):INDEX(Puntuacion!$B$2:$B$1000, _xlpm.end_pos), AVERAGE(_xlpm.points_range) ) -> 250

Sheet Etapa 3 Plata
B2: Posicion | C2: FOOTGOLFER NICKNAME | D2: CATEGORÍA INSCRITA | E2: FOOTGOLFER NOMBRE_COMPLETO | F2: TPAR | G2: Puntos
B3: =COUNTIFS($F$3:$F$959,"<"&$F3)+1 -> 10 | C3: J. Medina3526 | D3: Caballeros | E3: Juan Medina | F3: 179 | G3: =_xlfn.LET( _xlpm.pos, B3, _xlpm.count_pos, COUNTIF($B$2:$B$970, _xlpm.pos), _xlpm.start_pos, _xlpm.pos, _xlpm.end_pos, _xlpm.pos + _xlpm.count_pos - 1, _xlpm.points_range, INDEX(Puntuacion!$B$2:$B$1000, _xlpm.start_pos):INDEX(Puntuacion!$B$2:$B$1000, _xlpm.end_pos), AVERAGE(_xlpm.points_range) ) -> 140
B4: =COUNTIFS($F$3:$F$959,"<"&$F4)+1 -> 9 | C4: J. Torre | D4: Senior 45 + | E4: Joan Torre Rodríguez | F4: 21 | G4: =_xlfn.LET( _xlpm.pos, B4, _xlpm.count_pos, COUNTIF($B$2:$B$970, _xlpm.pos), _xlpm.start_pos, _xlpm.pos, _xlpm.end_pos, _xlpm.pos + _xlpm.count_pos - 1, _xlpm.points_range, INDEX(Puntuacion!$B$2:$B$1000, _xlpm.start_pos):INDEX(Puntuacion!$B$2:$B$1000, _xlpm.end_pos), AVERAGE(_xlpm.points_range) ) -> 150
B5: =COUNTIFS($F$3:$F$959,"<"&$F5)+1 -> 8 | C5: F. Guillamón | D5: Senior 45 + | E5: Fernando Martínez Guillamón | F5: 18 | G5: =_xlfn.LET( _xlpm.pos, B5, _xlpm.count_pos, COUNTIF($B$2:$B$970, _xlpm.pos), _xlpm.start_pos, _xlpm.pos, _xlpm.end_pos, _xlpm.pos + _xlpm.count_pos - 1, _xlpm.points_range, INDEX(Puntuacion!$B$2:$B$1000, _xlpm.start_pos):INDEX(Puntuacion!$B$2:$B$1000, _xlpm.end_pos), AVERAGE(_xlpm.points_range) ) -> 160
B6: =COUNTIFS($F$3:$F$959,"<"&$F6)+1 -> 7 | C6: D. Cortés | D6: Caballeros | E6: David Cortés Segura | F6: 15 | G6: =_xlfn.LET( _xlpm.pos, B6, _xlpm.count_pos, COUNTIF($B$2:$B$970, _xlpm.pos), _xlpm.start_pos, _xlpm.pos, _xlpm.end_pos, _xlpm.pos + _xlpm.count_pos - 1, _xlpm.points_range, INDEX(Puntuacion!$B$2:$B$1000, _xlpm.start_pos):INDEX(Puntuacion!$B$2:$B$1000, _xlpm.end_pos), AVERAGE(_xlpm.points_range) ) -> 170
B7: =COUNTIFS($F$3:$F$959,"<"&$F7)+1 -> 6 | C7: M. Company | D7: Caballeros | E7: Marc Company Salvat | F7: 13 | G7: =_xlfn.LET( _xlpm.pos, B7, _xlpm.count_pos, COUNTIF($B$2:$B$970, _xlpm.pos), _xlpm.start_pos, _xlpm.pos, _xlpm.end_pos, _xlpm.pos + _xlpm.count_pos - 1, _xlpm.points_range, INDEX(Puntuacion!$B$2:$B$1000, _xlpm.start_pos):INDEX(Puntuacion!$B$2:$B$1000, _xlpm.end_pos), AVERAGE(_xlpm.points_range) ) -> 180
B8: =COUNTIFS($F$3:$F$959,"<"&$F8)+1 -> 5 | C8: M. Morón | D8: Caballeros | E8: Mario Morón Sancho | F8: 5 | G8: =_xlfn.LET( _xlpm.pos, B8, _xlpm.count_pos, COUNTIF($B$2:$B$970, _xlpm.pos), _xlpm.start_pos, _xlpm.pos, _xlpm.end_pos, _xlpm.pos + _xlpm.count_pos - 1, _xlpm.points_range, INDEX(Puntuacion!$B$2:$B$1000, _xlpm.start_pos):INDEX(Puntuacion!$B$2:$B$1000, _xlpm.end_pos), AVERAGE(_xlpm.points_range) ) -> 190
B9: =COUNTIFS($F$3:$F$959,"<"&$F9)+1 -> 4 | C9: G. Verse | D9: Senior 55 + | E9: Gustavo Verse | F9: 4 | G9: =_xlfn.LET( _xlpm.pos, B9, _xlpm.count_pos, COUNTIF($B$2:$B$970, _xlpm.pos), _xlpm.start_pos, _xlpm.pos, _xlpm.end_pos, _xlpm.pos + _xlpm.count_pos - 1, _xlpm.points_range, INDEX(Puntuacion!$B$2:$B$1000, _xlpm.start_pos):INDEX(Puntuacion!$B$2:$B$1000, _xlpm.end_pos), AVERAGE(_xlpm.points_range) ) -> 200
B10: =COUNTIFS($F$3:$F$959,"<"&$F10)+1 -> 3 | C10: D. Abril | D10: Caballeros | E10: Daniel Abril Amador | F10: 2 | G10: =_xlfn.LET( _xlpm.pos, B10, _xlpm.count_pos, COUNTIF($B$2:$B$970, _xlpm.pos), _xlpm.start_pos, _xlpm.pos, _xlpm.end_pos, _xlpm.pos + _xlpm.count_pos - 1, _xlpm.points_range, INDEX(Puntuacion!$B$2:$B$1000, _xlpm.start_pos):INDEX(Puntuacion!$B$2:$B$1000, _xlpm.end_pos), AVERAGE(_xlpm.points_range) ) -> 215
B11: =COUNTIFS($F$3:$F$959,"<"&$F11)+1 -> 2 | C11: S. Pahisa | D11: Caballeros | E11: Sergi Pahisa | F11: 1 | G11: =_xlfn.LET( _xlpm.pos, B11, _xlpm.count_pos, COUNTIF($B$2:$B$970, _xlpm.pos), _xlpm.start_pos, _xlpm.pos, _xlpm.end_pos, _xlpm.pos + _xlpm.count_pos - 1, _xlpm.points_range, INDEX(Puntuacion!$B$2:$B$1000, _xlpm.start_pos):INDEX(Puntuacion!$B$2:$B$1000, _xlpm.end_pos), AVERAGE(_xlpm.points_range) ) -> 230
B12: =COUNTIFS($F$3:$F$959,"<"&$F12)+1 -> 1 | C12: G. Masuck | D12: Caballeros | E12: Gastón Masuck Cardozo | F12: 0 | G12: =_xlfn.LET( _xlpm.pos, B12, _xlpm.count_pos, COUNTIF($B$2:$B$970, _xlpm.pos), _xlpm.start_pos, _xlpm.pos, _xlpm.end_pos, _xlpm.pos + _xlpm.count_pos - 1, _xlpm.points_range, INDEX(Puntuacion!$B$2:$B$1000, _xlpm.start_pos):INDEX(Puntuacion!$B$2:$B$1000, _xlpm.end_pos), AVERAGE(_xlpm.points_range) ) -> 250

Sheet Etapa 7 absoluta
B2: Posicion | C2: FOOTGOLFER NICKNAME | D2: CATEGORÍA INSCRITA | E2: FOOTGOLFER NOMBRE_COMPLETO | F2: TPAR | G2: Puntos
B3: =COUNTIFS($F$3:$F$978,"<"&$F3)+1 -> 13 | C3: A. Arrebola | D3: Caballeros | E3: Albert Arrebola Sans | F3: 5 | G3: =_xlfn.LET( _xlpm.pos, B3, _xlpm.count_pos, COUNTIF($B$2:$B$989, _xlpm.pos), _xlpm.start_pos, _xlpm.pos, _xlpm.end_pos, _xlpm.pos + _xlpm.count_pos - 1, _xlpm.points_range, INDEX(Puntuacion!$B$2:$B$1000, _xlpm.start_pos):INDEX(Puntuacion!$B$2:$B$1000, _xlpm.end_pos), AVERAGE(_xlpm.points_range) ) -> 101.66667
B4: =COUNTIFS($F$3:$F$978,"<"&$F4)+1 -> 6 | C4: A. Leiva | D4: Caballeros | E4: Alberto Leiva cañada | F4: 0 | G4: =_xlfn.LET( _xlpm.pos, B4, _xlpm.count_pos, COUNTIF($B$2:$B$989, _xlpm.pos), _xlpm.start_pos, _xlpm.pos, _xlpm.end_pos, _xlpm.pos + _xlpm.count_pos - 1, _xlpm.points_range, INDEX(Puntuacion!$B$2:$B$1000, _xlpm.start_pos):INDEX(Puntuacion!$B$2:$B$1000, _xlpm.end_pos), AVERAGE(_xlpm.points_range) ) -> 175
B5: =COUNTIFS($F$3:$F$978,"<"&$F5)+1 -> 13 | C5: A. Martin3516 | D5: Caballeros | E5: Aitor Martin Maldonado | F5: 5 | G5: =_xlfn.LET( _xlpm.pos, B5, _xlpm.count_pos, COUNTIF($B$2:$B$989, _xlpm.pos), _xlpm.start_pos, _xlpm.pos, _xlpm.end_pos, _xlpm.pos + _xlpm.count_pos - 1, _xlpm.points_range, INDEX(Puntuacion!$B$2:$B$1000, _xlpm.start_pos):INDEX(Puntuacion!$B$2:$B$1000, _xlpm.end_pos), AVERAGE(_xlpm.points_range) ) -> 101.66667
B6: =COUNTIFS($F$3:$F$978,"<"&$F6)+1 -> 24 | C6: A. Martínez2927 | D6: Caballeros | E6: Aleix Martínez Muñoz | F6: 22 | G6: =_xlfn.LET( _xlpm.pos, B6, _xlpm.count_pos, COUNTIF($B$2:$B$989, _xlpm.pos), _xlpm.start_pos, _xlpm.pos, _xlpm.end_pos, _xlpm.pos + _xlpm.count_pos - 1, _xlpm.points_range, INDEX(Puntuacion!$B$2:$B$1000, _xlpm.start_pos):INDEX(Puntuacion!$B$2:$B$1000, _xlpm.end_pos), AVERAGE(_xlpm.points_range) ) -> 54
B7: =COUNTIFS($F$3:$F$978,"<"&$F7)+1 -> 2 | C7: A. Salazar | D7: Caballeros | E7: Alberto Salazar Fernández | F7: -6 | G7: =_xlfn.LET( _xlpm.pos, B7, _xlpm.count_pos, COUNTIF($B$2:$B$989, _xlpm.pos), _xlpm.start_pos, _xlpm.pos, _xlpm.end_pos, _xlpm.pos + _xlpm.count_pos - 1, _xlpm.points_range, INDEX(Puntuacion!$B$2:$B$1000, _xlpm.start_pos):INDEX(Puntuacion!$B$2:$B$1000, _xlpm.end_pos), AVERAGE(_xlpm.points_range) ) -> 230
B8: =COUNTIFS($F$3:$F$978,"<"&$F8)+1 -> 4 | C8: B. Reyes | D8: Caballeros | E8: Benito Reyes Gonzalez | F8: -3 | G8: =_xlfn.LET( _xlpm.pos, B8, _xlpm.count_pos, COUNTIF($B$2:$B$989, _xlpm.pos), _xlpm.start_pos, _xlpm.pos, _xlpm.end_pos, _xlpm.pos + _xlpm.count_pos - 1, _xlpm.points_range, INDEX(Puntuacion!$B$2:$B$1000, _xlpm.start_pos):INDEX(Puntuacion!$B$2:$B$1000, _xlpm.end_pos), AVERAGE(_xlpm.points_range) ) -> 195
B9: =COUNTIFS($F$3:$F$978,"<"&$F9)+1 -> 1 | C9: C. Guillamon | D9: Caballeros | E9: Chema🐗🐗 Martínez Guillamon | F9: -7 | G9: =_xlfn.LET( _xlpm.pos, B9, _xlpm.count_pos, COUNTIF($B$2:$B$989, _xlpm.pos), _xlpm.start_pos, _xlpm.pos, _xlpm.end_pos, _xlpm.pos + _xlpm.count_pos - 1, _xlpm.points_range, INDEX(Puntuacion!$B$2:$B$1000, _xlpm.start_pos):INDEX(Puntuacion!$B$2:$B$1000, _xlpm.end_pos), AVERAGE(_xlpm.points_range) ) -> 250
B10: =COUNTIFS($F$3:$F$978,"<"&$F10)+1 -> 17 | C10: D. Abril | D10: Caballeros | E10: Daniel Abril Amador | F10: 7 | G10: =_xlfn.LET( _xlpm.pos, B10, _xlpm.count_pos, COUNTIF($B$2:$B$989, _xlpm.pos), _xlpm.start_pos, _xlpm.pos, _xlpm.end_pos, _xlpm.pos + _xlpm.count_pos - 1, _xlpm.points_range, INDEX(Puntuacion!$B$2:$B$1000, _xlpm.start_pos):INDEX(Puntuacion!$B$2:$B$1000, _xlpm.end_pos), AVERAGE(_xlpm.points_range) ) -> 85
B11: =COUNTIFS($F$3:$F$978,"<"&$F11)+1 -> 21 | C11: D. Cortés | D11: Caballeros | E11: David Cortés Segura | F11: 16 | G11: =_xlfn.LET( _xlpm.pos, B11, _xlpm.count_pos, COUNTIF($B$2:$B$989, _xlpm.pos), _xlpm.start_pos, _xlpm.pos, _xlpm.end_pos, _xlpm.pos + _xlpm.count_pos - 1, _xlpm.points_range, INDEX(Puntuacion!$B$2:$B$1000, _xlpm.start_pos):INDEX(Puntuacion!$B$2:$B$1000, _xlpm.end_pos), AVERAGE(_xlpm.points_range) ) -> 66
B12: =COUNTIFS($F$3:$F$978,"<"&$F12)+1 -> 25 | C12: D. Rojo | D12: Caballeros | E12: David Rojo Dengra | F12: 25 | G12: =_xlfn.LET( _xlpm.pos, B12, _xlpm.count_pos, COUNTIF($B$2:$B$989, _xlpm.pos), _xlpm.start_pos, _xlpm.pos, _xlpm.end_pos, _xlpm.pos + _xlpm.count_pos - 1, _xlpm.points_range, INDEX(Puntuacion!$B$2:$B$1000, _xlpm.start_pos):INDEX(Puntuacion!$B$2:$B$1000, _xlpm.end_pos), AVERAGE(_xlpm.points_range) ) -> 50
B13: =COUNTIFS($F$3:$F$978,"<"&$F13)+1 -> 10 | C13: D. Tellez | D13: Caballeros | E13: David Tellez Viana | F13: 2 | G13: =_xlfn.LET( _xlpm.pos, B13, _xlpm.count_pos, COUNTIF($B$2:$B$989, _xlpm.pos), _xlpm.start_pos, _xlpm.pos, _xlpm.end_pos, _xlpm.pos + _xlpm.count_pos - 1, _xlpm.points_range, INDEX(Puntuacion!$B$2:$B$1000, _xlpm.start_pos):INDEX(Puntuacion!$B$2:$B$1000, _xlpm.end_pos), AVERAGE(_xlpm.points_range) ) -> 140
B14: 4 | C14: E. MartinRdz | D14: Caballeros | E14: Eduardo Martin Rodriguez | F14: -2 | G14: =_xlfn.LET( _xlpm.pos, B14, _xlpm.count_pos, COUNTIF($B$2:$B$989, _xlpm.pos), _xlpm.start_pos, _xlpm.pos, _xlpm.end_pos, _xlpm.pos + _xlpm.count_pos - 1, _xlpm.points_range, INDEX(Puntuacion!$B$2:$B$1000, _xlpm.start_pos):INDEX(Puntuacion!$B$2:$B$1000, _xlpm.end_pos), AVERAGE(_xlpm.points_range) ) -> 195
B15: =COUNTIFS($F$3:$F$978,"<"&$F15)+1 -> 19 | C15: F. Guillamón | D15: Senior 45 + | E15: Fernando Martínez Guillamón | F15: 10 | G15: =_xlfn.LET( _xlpm.pos, B15, _xlpm.count_pos, COUNTIF($B$2:$B$989, _xlpm.pos), _xlpm.start_pos, _xlpm.pos, _xlpm.end_pos, _xlpm.pos + _xlpm.count_pos - 1, _xlpm.points_range, INDEX(Puntuacion!$B$2:$B$1000, _xlpm.start_pos):INDEX(Puntuacion!$B$2:$B$1000, _xlpm.end_pos), AVERAGE(_xlpm.points_range) ) -> 75
B16: =COUNTIFS($F$3:$F$978,"<"&$F16)+1 -> 8 | C16: G. Masuck | D16: Caballeros | E16: Gastón Masuck Cardozo | F16: 1 | G16: =_xlfn.LET( _xlpm.pos, B16, _xlpm.count_pos, COUNTIF($B$2:$B$989, _xlpm.pos), _xlpm.start_pos, _xlpm.pos, _xlpm.end_pos, _xlpm.pos + _xlpm.count_pos - 1, _xlpm.points_range, INDEX(Puntuacion!$B$2:$B$1000, _xlpm.start_pos):INDEX(Puntuacion!$B$2:$B$1000, _xlpm.end_pos), AVERAGE(_xlpm.points_range) ) -> 155
B17: =COUNTIFS($F$3:$F$978,"<"&$F17)+1 -> 12 | C17: I. Luengo | D17: Caballeros | E17: ivan luengo robles | F17: 4 | G17: =_xlfn.LET( _xlpm.pos, B17, _xlpm.count_pos, COUNTIF($B$2:$B$989, _xlpm.pos), _xlpm.start_pos, _xlpm.pos, _xlpm.end_pos, _xlpm.pos + _xlpm.count_pos - 1, _xlpm.points_range, INDEX(Puntuacion!$B$2:$B$1000, _xlpm.start_pos):INDEX(Puntuacion!$B$2:$B$1000, _xlpm.end_pos), AVERAGE(_xlpm.points_range) ) -> 120
B18: =COUNTIFS($F$3:$F$978,"<"&$F18)+1 -> 22 | C18: J. Medina3526 | D18: Caballeros | E18: Juan Medina | F18: 17 | G18: =_xlfn.LET( _xlpm.pos, B18, _xlpm.count_pos, COUNTIF($B$2:$B$989, _xlpm.pos), _xlpm.start_pos, _xlpm.pos, _xlpm.end_pos, _xlpm.pos + _xlpm.count_pos - 1, _xlpm.points_range, INDEX(Puntuacion!$B$2:$B$1000, _xlpm.start_pos):INDEX(Puntuacion!$B$2:$B$1000, _xlpm.end_pos), AVERAGE(_xlpm.points_range) ) -> 60
B19: =COUNTIFS($F$3:$F$978,"<"&$F19)+1 -> 8 | C19: J. Perez | D19: Caballeros | E19: JuanRa Perez | F19: 1 | G19: =_xlfn.LET( _xlpm.pos, B19, _xlpm.count_pos, COUNTIF($B$2:$B$989, _xlpm.pos), _xlpm.start_pos, _xlpm.pos, _xlpm.end_pos, _xlpm.pos + _xlpm.count_pos - 1, _xlpm.points_range, INDEX(Puntuacion!$B$2:$B$1000, _xlpm.start_pos):INDEX(Puntuacion!$B$2:$B$1000, _xlpm.end_pos), AVERAGE(_xlpm.points_range) ) -> 155
B20: =COUNTIFS($F$3:$F$978,"<"&$F20)+1 -> 13 | C20: J. Pizarro | D20: Caballeros | E20: Jesús Pizarro Gonzálvez | F20: 5 | G20: =_xlfn.LET( _xlpm.pos, B20, _xlpm.count_pos, COUNTIF($B$2:$B$989, _xlpm.pos), _xlpm.start_pos, _xlpm.pos, _xlpm.end_pos, _xlpm.pos + _xlpm.count_pos - 1, _xlpm.points_range, INDEX(Puntuacion!$B$2:$B$1000, _xlpm.start_pos):INDEX(Puntuacion!$B$2:$B$1000, _xlpm.end_pos), AVERAGE(_xlpm.points_range) ) -> 101.66667
B21: =COUNTIFS($F$3:$F$978,"<"&$F21)+1 -> 6 | C21: J. Santiago | D21: Caballeros | E21: Jorge Santiago Buqueras | F21: 0 | G21: =_xlfn.LET( _xlpm.pos, B21, _xlpm.count_pos, COUNTIF($B$2:$B$989, _xlpm.pos), _xlpm.start_pos, _xlpm.pos, _xlpm.end_pos, _xlpm.pos + _xlpm.count_pos - 1, _xlpm.points_range, INDEX(Puntuacion!$B$2:$B$1000, _xlpm.start_pos):INDEX(Puntuacion!$B$2:$B$1000, _xlpm.end_pos), AVERAGE(_xlpm.points_range) ) -> 175
B22: =COUNTIFS($F$3:$F$978,"<"&$F22)+1 -> 22 | C22: J. Torre | D22: Senior 45 + | E22: Joan Torre Rodríguez | F22: 17 | G22: =_xlfn.LET( _xlpm.pos, B22, _xlpm.count_pos, COUNTIF($B$2:$B$989, _xlpm.pos), _xlpm.start_pos, _xlpm.pos, _xlpm.end_pos, _xlpm.pos + _xlpm.count_pos - 1, _xlpm.points_range, INDEX(Puntuacion!$B$2:$B$1000, _xlpm.start_pos):INDEX(Puntuacion!$B$2:$B$1000, _xlpm.end_pos), AVERAGE(_xlpm.points_range) ) -> 60
B23: =COUNTIFS($F$3:$F$978,"<"&$F23)+1 -> 18 | C23: M. Arrebola | D23: Caballeros | E23: Marc Arrebola Sans | F23: 8 | G23: =_xlfn.LET( _xlpm.pos, B23, _xlpm.count_pos, COUNTIF($B$2:$B$989, _xlpm.pos), _xlpm.start_pos, _xlpm.pos, _xlpm.end_pos, _xlpm.pos + _xlpm.count_pos - 1, _xlpm.points_range, INDEX(Puntuacion!$B$2:$B$1000, _xlpm.start_pos):INDEX(Puntuacion!$B$2:$B$1000, _xlpm.end_pos), AVERAGE(_xlpm.points_range) ) -> 80
B24: =COUNTIFS($F$3:$F$978,"<"&$F24)+1 -> 20 | C24: M. Company | D24: Caballeros | E24: Marc Company Salvat | F24: 11 | G24: =_xlfn.LET( _xlpm.pos, B24, _xlpm.count_pos, COUNTIF($B$2:$B$989, _xlpm.pos), _xlpm.start_pos, _xlpm.pos, _xlpm.end_pos, _xlpm.pos + _xlpm.count_pos - 1, _xlpm.points_range, INDEX(Puntuacion!$B$2:$B$1000, _xlpm.start_pos):INDEX(Puntuacion!$B$2:$B$1000, _xlpm.end_pos), AVERAGE(_xlpm.points_range) ) -> 70
B25: =COUNTIFS($F$3:$F$978,"<"&$F25)+1 -> 11 | C25: M. Morón | D25: Caballeros | E25: Mario Morón Sancho | F25: 3 | G25: =_xlfn.LET( _xlpm.pos, B25, _xlpm.count_pos, COUNTIF($B$2:$B$989, _xlpm.pos), _xlpm.start_pos, _xlpm.pos, _xlpm.end_pos, _xlpm.pos + _xlpm.count_pos - 1, _xlpm.points_range, INDEX(Puntuacion!$B$2:$B$1000, _xlpm.start_pos):INDEX(Puntuacion!$B$2:$B$1000, _xlpm.end_pos), AVERAGE(_xlpm.points_range) ) -> 130
B26: =COUNTIFS($F$3:$F$978,"<"&$F26)+1 -> 16 | C26: S. Pahisa | D26: Caballeros | E26: Sergi Pahisa | F26: 6 | G26: =_xlfn.LET( _xlpm.pos, B26, _xlpm.count_pos, COUNTIF($B$2:$B$989, _xlpm.pos), _xlpm.start_pos, _xlpm.pos, _xlpm.end_pos, _xlpm.pos + _xlpm.count_pos - 1, _xlpm.points_range, INDEX(Puntuacion!$B$2:$B$1000, _xlpm.start_pos):INDEX(Puntuacion!$B$2:$B$1000, _xlpm.end_pos), AVERAGE(_xlpm.points_range) ) -> 90
B27: =COUNTIFS($F$3:$F$978,"<"&$F27)+1 -> 3 | C27: X. Leiva | D27: Caballeros | E27: Xavi Leiva Cañada | F27: -4 | G27: =_xlfn.LET( _xlpm.pos, B27, _xlpm.count_pos, COUNTIF($B$2:$B$989, _xlpm.pos), _xlpm.start_pos, _xlpm.pos, _xlpm.end_pos, _xlpm.pos + _xlpm.count_pos - 1, _xlpm.points_range, INDEX(Puntuacion!$B$2:$B$1000, _xlpm.start_pos):INDEX(Puntuacion!$B$2:$B$1000, _xlpm.end_pos), AVERAGE(_xlpm.points_range) ) -> 215

Sheet Etapa 7 Senior
B2: Posicion | C2: FOOTGOLFER NICKNAME | D2: CATEGORÍA INSCRITA | E2: FOOTGOLFER NOMBRE_COMPLETO | F2: TPAR | G2: Puntos
B3: =COUNTIFS($F$3:$F$955,"<"&$F3)+1 -> 1 | C3: F. Guillamón | D3: Senior 45 + | E3: Fernando Martínez Guillamón | F3: 10 | G3: =_xlfn.LET( _xlpm.pos, B3, _xlpm.count_pos, COUNTIF($B$2:$B$966, _xlpm.pos), _xlpm.start_pos, _xlpm.pos, _xlpm.end_pos, _xlpm.pos + _xlpm.count_pos - 1, _xlpm.points_range, INDEX(Puntuacion!$B$2:$B$1000, _xlpm.start_pos):INDEX(Puntuacion!$B$2:$B$1000, _xlpm.end_pos), AVERAGE(_xlpm.points_range) ) -> 250
B4: =COUNTIFS($F$3:$F$955,"<"&$F4)+1 -> 2 | C4: J. Torre | D4: Senior 45 + | E4: Joan Torre Rodríguez | F4: 17 | G4: =_xlfn.LET( _xlpm.pos, B4, _xlpm.count_pos, COUNTIF($B$2:$B$966, _xlpm.pos), _xlpm.start_pos, _xlpm.pos, _xlpm.end_pos, _xlpm.pos + _xlpm.count_pos - 1, _xlpm.points_range, INDEX(Puntuacion!$B$2:$B$1000, _xlpm.start_pos):INDEX(Puntuacion!$B$2:$B$1000, _xlpm.end_pos), AVERAGE(_xlpm.points_range) ) -> 230

Sheet Etapa 7 Rookie
B2: Posicion | C2: FOOTGOLFER NICKNAME | D2: CATEGORÍA INSCRITA | E2: FOOTGOLFER NOMBRE_COMPLETO | F2: TPAR | G2: Puntos
B3: =COUNTIFS($F$3:$F$970,"<"&$F3)+1 -> 17 | C3: D. Rojo | D3: Caballeros | E3: David Rojo Dengra | F3: 25 | G3: =_xlfn.LET( _xlpm.pos, B3, _xlpm.count_pos, COUNTIF($B$2:$B$981, _xlpm.pos), _xlpm.start_pos, _xlpm.pos, _xlpm.end_pos, _xlpm.pos + _xlpm.count_pos - 1, _xlpm.points_range, INDEX(Puntuacion!$B$2:$B$1000, _xlpm.start_pos):INDEX(Puntuacion!$B$2:$B$1000, _xlpm.end_pos), AVERAGE(_xlpm.points_range) ) -> 85
B4: =COUNTIFS($F$3:$F$970,"<"&$F4)+1 -> 16 | C4: J. Medina3526 | D4: Caballeros | E4: Juan Medina | F4: 17 | G4: =_xlfn.LET( _xlpm.pos, B4, _xlpm.count_pos, COUNTIF($B$2:$B$981, _xlpm.pos), _xlpm.start_pos, _xlpm.pos, _xlpm.end_pos, _xlpm.pos + _xlpm.count_pos - 1, _xlpm.points_range, INDEX(Puntuacion!$B$2:$B$1000, _xlpm.start_pos):INDEX(Puntuacion!$B$2:$B$1000, _xlpm.end_pos), AVERAGE(_xlpm.points_range) ) -> 90
B5: =COUNTIFS($F$3:$F$970,"<"&$F5)+1 -> 15 | C5: D. Cortés | D5: Caballeros | E5: David Cortés Segura | F5: 16 | G5: =_xlfn.LET( _xlpm.pos, B5, _xlpm.count_pos, COUNTIF($B$2:$B$981, _xlpm.pos), _xlpm.start_pos, _xlpm.pos, _xlpm.end_pos, _xlpm.pos + _xlpm.count_pos - 1, _xlpm.points_range, INDEX(Puntuacion!$B$2:$B$1000, _xlpm.start_pos):INDEX(Puntuacion!$B$2:$B$1000, _xlpm.end_pos), AVERAGE(_xlpm.points_range) ) -> 95
B6: =COUNTIFS($F$3:$F$970,"<"&$F6)+1 -> 14 | C6: M. Company | D6: Caballeros | E6: Marc Company Salvat | F6: 11 | G6: =_xlfn.LET( _xlpm.pos, B6, _xlpm.count_pos, COUNTIF($B$2:$B$981, _xlpm.pos), _xlpm.start_pos, _xlpm.pos, _xlpm.end_pos, _xlpm.pos + _xlpm.count_pos - 1, _xlpm.points_range, INDEX(Puntuacion!$B$2:$B$1000, _xlpm.start_pos):INDEX(Puntuacion!$B$2:$B$1000, _xlpm.end_pos), AVERAGE(_xlpm.points_range) ) -> 100
B7: =COUNTIFS($F$3:$F$970,"<"&$F7)+1 -> 13 | C7: M. Arrebola | D7: Caballeros | E7: Marc Arrebola Sans | F7: 8 | G7: =_xlfn.LET( _xlpm.pos, B7, _xlpm.count_pos, COUNTIF($B$2:$B$981, _xlpm.pos), _xlpm.start_pos, _xlpm.pos, _xlpm.end_pos, _xlpm.pos + _xlpm.count_pos - 1, _xlpm.points_range, INDEX(Puntuacion!$B$2:$B$1000, _xlpm.start_pos):INDEX(Puntuacion!$B$2:$B$1000, _xlpm.end_pos), AVERAGE(_xlpm.points_range) ) -> 110
B8: =COUNTIFS($F$3:$F$970,"<"&$F8)+1 -> 12 | C8: D. Abril | D8: Caballeros | E8: Daniel Abril Amador | F8: 7 | G8: =_xlfn.LET( _xlpm.pos, B8, _xlpm.count_pos, COUNTIF($B$2:$B$981, _xlpm.pos), _xlpm.start_pos, _xlpm.pos, _xlpm.end_pos, _xlpm.pos + _xlpm.count_pos - 1, _xlpm.points_range, INDEX(Puntuacion!$B$2:$B$1000, _xlpm.start_pos):INDEX(Puntuacion!$B$2:$B$1000, _xlpm.end_pos), AVERAGE(_xlpm.points_range) ) -> 120
B9: =COUNTIFS($F$3:$F$970,"<"&$F9)+1 -> 11 | C9: S. Pahisa | D9: Caballeros | E9: Sergi Pahisa | F9: 6 | G9: =_xlfn.LET( _xlpm.pos, B9, _xlpm.count_pos, COUNTIF($B$2:$B$981, _xlpm.pos), _xlpm.start_pos, _xlpm.pos, _xlpm.end_pos, _xlpm.pos + _xlpm.count_pos - 1, _xlpm.points_range, INDEX(Puntuacion!$B$2:$B$1000, _xlpm.start_pos):INDEX(Puntuacion!$B$2:$B$1000, _xlpm.end_pos), AVERAGE(_xlpm.points_range) ) -> 130
B10: =COUNTIFS($F$3:$F$970,"<"&$F10)+1 -> 9 | C10: A. Arrebola | D10: Caballeros | E10: Albert Arrebola Sans | F10: 5 | G10: =_xlfn.LET( _xlpm.pos, B10, _xlpm.count_pos, COUNTIF($B$2:$B$981, _xlpm.pos), _xlpm.start_pos, _xlpm.pos, _xlpm.end_pos, _xlpm.pos + _xlpm.count_pos - 1, _xlpm.points_range, INDEX(Puntuacion!$B$2:$B$1000, _xlpm.start_pos):INDEX(Puntuacion!$B$2:$B$1000, _xlpm.end_pos), AVERAGE(_xlpm.points_range) ) -> 145
B11: =COUNTIFS($F$3:$F$970,"<"&$F11)+1 -> 9 | C11: A. Martin3516 | D11: Caballeros | E11: Aitor Martin Maldonado | F11: 5 | G11: =_xlfn.LET( _xlpm.pos, B11, _xlpm.count_pos, COUNTIF($B$2:$B$981, _xlpm.pos), _xlpm.start_pos, _xlpm.pos, _xlpm.end_pos, _xlpm.pos + _xlpm.count_pos - 1, _xlpm.points_range, INDEX(Puntuacion!$B$2:$B$1000, _xlpm.start_pos):INDEX(Puntuacion!$B$2:$B$1000, _xlpm.end_pos), AVERAGE(_xlpm.points_range) ) -> 145
B12: =COUNTIFS($F$3:$F$970,"<"&$F12)+1 -> 8 | C12: I. Luengo | D12: Caballeros | E12: ivan luengo robles | F12: 4 | G12: =_xlfn.LET( _xlpm.pos, B12, _xlpm.count_pos, COUNTIF($B$2:$B$981, _xlpm.pos), _xlpm.start_pos, _xlpm.pos, _xlpm.end_pos, _xlpm.pos + _xlpm.count_pos - 1, _xlpm.points_range, INDEX(Puntuacion!$B$2:$B$1000, _xlpm.start_pos):INDEX(Puntuacion!$B$2:$B$1000, _xlpm.end_pos), AVERAGE(_xlpm.points_range) ) -> 160
B13: =COUNTIFS($F$3:$F$970,"<"&$F13)+1 -> 7 | C13: M. Morón | D13: Caballeros | E13: Mario Morón Sancho | F13: 3 | G13: =_xlfn.LET( _xlpm.pos, B13, _xlpm.count_pos, COUNTIF($B$2:$B$981, _xlpm.pos), _xlpm.start_pos, _xlpm.pos, _xlpm.end_pos, _xlpm.pos + _xlpm.count_pos - 1, _xlpm.points_range, INDEX(Puntuacion!$B$2:$B$1000, _xlpm.start_pos):INDEX(Puntuacion!$B$2:$B$1000, _xlpm.end_pos), AVERAGE(_xlpm.points_range) ) -> 170
B14: =COUNTIFS($F$3:$F$970,"<"&$F14)+1 -> 6 | C14: D. Tellez | D14: Caballeros | E14: David Tellez Viana | F14: 2 | G14: =_xlfn.LET( _xlpm.pos, B14, _xlpm.count_pos, COUNTIF($B$2:$B$981, _xlpm.pos), _xlpm.start_pos, _xlpm.pos, _xlpm.end_pos, _xlpm.pos + _xlpm.count_pos - 1, _xlpm.points_range, INDEX(Puntuacion!$B$2:$B$1000, _xlpm.start_pos):INDEX(Puntuacion!$B$2:$B$1000, _xlpm.end_pos), AVERAGE(_xlpm.points_range) ) -> 180
... B19: =COUNTIFS($F$3:$F$970,"<"&$F19)+1 -> 1 | C19: X. Leiva | D19: Caballeros | E19: Xavi Leiva Cañada | F19: -4 | G19: =_xlfn.LET( _xlpm.pos, B19, _xlpm.count_pos, COUNTIF($B$2:$B$981, _xlpm.pos), _xlpm.start_pos, _xlpm.pos, _xlpm.end_pos, _xlpm.pos + _xlpm.count_pos - 1, _xlpm.points_range, INDEX(Puntuacion!$B$2:$B$1000, _xlpm.start_pos):INDEX(Puntuacion!$B$2:$B$1000, _xlpm.end_pos), AVERAGE(_xlpm.points_range) ) -> 250

Sheet Etapa 2 Plata
B2: Posicion | C2: FOOTGOLFER NICKNAME | D2: CATEGORÍA INSCRITA | E2: FOOTGOLFER NOMBRE_COMPLETO | F2: TPAR | G2: Puntos
B3: =COUNTIFS($F$3:$F$968,"<"&$F3)+1 -> 15 | C3: D. Rojo | D3: Caballeros | E3: David Rojo Dengra | F3: 25 | G3: =_xlfn.LET( _xlpm.pos, B3, _xlpm.count_pos, COUNTIF($B$2:$B$979, _xlpm.pos), _xlpm.start_pos, _xlpm.pos, _xlpm.end_pos, _xlpm.pos + _xlpm.count_pos - 1, _xlpm.points_range, INDEX(Puntuacion!$B$2:$B$1000, _xlpm.start_pos):INDEX(Puntuacion!$B$2:$B$1000, _xlpm.end_pos), AVERAGE(_xlpm.points_range) ) -> 95
B4: =COUNTIFS($F$3:$F$968,"<"&$F4)+1 -> 14 | C4: A. Martínez2927 | D4: Caballeros | E4: Aleix Martínez Muñoz | F4: 22 | G4: =_xlfn.LET( _xlpm.pos, B4, _xlpm.count_pos, COUNTIF($B$2:$B$979, _xlpm.pos), _xlpm.start_pos, _xlpm.pos, _xlpm.end_pos, _xlpm.pos + _xlpm.count_pos - 1, _xlpm.points_range, INDEX(Puntuacion!$B$2:$B$1000, _xlpm.start_pos):INDEX(Puntuacion!$B$2:$B$1000, _xlpm.end_pos), AVERAGE(_xlpm.points_range) ) -> 100
B5: =COUNTIFS($F$3:$F$968,"<"&$F5)+1 -> 12 | C5: J. Medina3526 | D5: Caballeros | E5: Juan Medina | F5: 17 | G5: =_xlfn.LET( _xlpm.pos, B5, _xlpm.count_pos, COUNTIF($B$2:$B$979, _xlpm.pos), _xlpm.start_pos, _xlpm.pos, _xlpm.end_pos, _xlpm.pos + _xlpm.count_pos - 1, _xlpm.points_range, INDEX(Puntuacion!$B$2:$B$1000, _xlpm.start_pos):INDEX(Puntuacion!$B$2:$B$1000, _xlpm.end_pos), AVERAGE(_xlpm.points_range) ) -> 115
B6: =COUNTIFS($F$3:$F$968,"<"&$F6)+1 -> 12 | C6: J. Torre | D6: Senior 45 + | E6: Joan Torre Rodríguez | F6: 17 | G6: =_xlfn.LET( _xlpm.pos, B6, _xlpm.count_pos, COUNTIF($B$2:$B$979, _xlpm.pos), _xlpm.start_pos, _xlpm.pos, _xlpm.end_pos, _xlpm.pos + _xlpm.count_pos - 1, _xlpm.points_range, INDEX(Puntuacion!$B$2:$B$1000, _xlpm.start_pos):INDEX(Puntuacion!$B$2:$B$1000, _xlpm.end_pos), AVERAGE(_xlpm.points_range) ) -> 115
B7: =COUNTIFS($F$3:$F$968,"<"&$F7)+1 -> 11 | C7: D. Cortés | D7: Caballeros | E7: David Cortés Segura | F7: 16 | G7: =_xlfn.LET( _xlpm.pos, B7, _xlpm.count_pos, COUNTIF($B$2:$B$979, _xlpm.pos), _xlpm.start_pos, _xlpm.pos, _xlpm.end_pos, _xlpm.pos + _xlpm.count_pos - 1, _xlpm.points_range, INDEX(Puntuacion!$B$2:$B$1000, _xlpm.start_pos):INDEX(Puntuacion!$B$2:$B$1000, _xlpm.end_pos), AVERAGE(_xlpm.points_range) ) -> 130
B8: =COUNTIFS($F$3:$F$968,"<"&$F8)+1 -> 10 | C8: M. Company | D8: Caballeros | E8: Marc Company Salvat | F8: 11 | G8: =_xlfn.LET( _xlpm.pos, B8, _xlpm.count_pos, COUNTIF($B$2:$B$979, _xlpm.pos), _xlpm.start_pos, _xlpm.pos, _xlpm.end_pos, _xlpm.pos + _xlpm.count_pos - 1, _xlpm.points_range, INDEX(Puntuacion!$B$2:$B$1000, _xlpm.start_pos):INDEX(Puntuacion!$B$2:$B$1000, _xlpm.end_pos), AVERAGE(_xlpm.points_range) ) -> 140
B9: =COUNTIFS($F$3:$F$968,"<"&$F9)+1 -> 9 | C9: F. Guillamón | D9: Senior 45 + | E9: Fernando Martínez Guillamón | F9: 10 | G9: =_xlfn.LET( _xlpm.pos, B9, _xlpm.count_pos, COUNTIF($B$2:$B$979, _xlpm.pos), _xlpm.start_pos, _xlpm.pos, _xlpm.end_pos, _xlpm.pos + _xlpm.count_pos - 1, _xlpm.points_range, INDEX(Puntuacion!$B$2:$B$1000, _xlpm.start_pos):INDEX(Puntuacion!$B$2:$B$1000, _xlpm.end_pos), AVERAGE(_xlpm.points_range) ) -> 150
B10: =COUNTIFS($F$3:$F$968,"<"&$F10)+1 -> 8 | C10: M. Arrebola | D10: Caballeros | E10: Marc Arrebola Sans | F10: 8 | G10: =_xlfn.LET( _xlpm.pos, B10, _xlpm.count_pos, COUNTIF($B$2:$B$979, _xlpm.pos), _xlpm.start_pos, _xlpm.pos, _xlpm.end_pos, _xlpm.pos + _xlpm.count_pos - 1, _xlpm.points_range, INDEX(Puntuacion!$B$2:$B$1000, _xlpm.start_pos):INDEX(Puntuacion!$B$2:$B$1000, _xlpm.end_pos), AVERAGE(_xlpm.points_range) ) -> 160
B11: =COUNTIFS($F$3:$F$968,"<"&$F11)+1 -> 7 | C11: D. Abril | D11: Caballeros | E11: Daniel Abril Amador | F11: 7 | G11: =_xlfn.LET( _xlpm.pos, B11, _xlpm.count_pos, COUNTIF($B$2:$B$979, _xlpm.pos), _xlpm.start_pos, _xlpm.pos, _xlpm.end_pos, _xlpm.pos + _xlpm.count_pos - 1, _xlpm.points_range, INDEX(Puntuacion!$B$2:$B$1000, _xlpm.start_pos):INDEX(Puntuacion!$B$2:$B$1000, _xlpm.end_pos), AVERAGE(_xlpm.points_range) ) -> 170
B12: =COUNTIFS($F$3:$F$968,"<"&$F12)+1 -> 6 | C12: S. Pahisa | D12: Caballeros | E12: Sergi Pahisa | F12: 6 | G12: =_xlfn.LET( _xlpm.pos, B12, _xlpm.count_pos, COUNTIF($B$2:$B$979, _xlpm.pos), _xlpm.start_pos, _xlpm.pos, _xlpm.end_pos, _xlpm.pos + _xlpm.count_pos - 1, _xlpm.points_range, INDEX(Puntuacion!$B$2:$B$1000, _xlpm.start_pos):INDEX(Puntuacion!$B$2:$B$1000, _xlpm.end_pos), AVERAGE(_xlpm.points_range) ) -> 180
B13: =COUNTIFS($F$3:$F$968,"<"&$F13)+1 -> 4 | C13: A. Arrebola | D13: Caballeros | E13: Albert Arrebola Sans | F13: 5 | G13: =_xlfn.LET( _xlpm.pos, B13, _xlpm.count_pos, COUNTIF($B$2:$B$979, _xlpm.pos), _xlpm.start_pos, _xlpm.pos, _xlpm.end_pos, _xlpm.pos + _xlpm.count_pos - 1, _xlpm.points_range, INDEX(Puntuacion!$B$2:$B$1000, _xlpm.start_pos):INDEX(Puntuacion!$B$2:$B$1000, _xlpm.end_pos), AVERAGE(_xlpm.points_range) ) -> 195
B14: =COUNTIFS($F$3:$F$968,"<"&$F14)+1 -> 4 | C14: A. Martin3516 | D14: Caballeros | E14: Aitor Martin Maldonado | F14: 5 | G14: =_xlfn.LET( _xlpm.pos, B14, _xlpm.count_pos, COUNTIF($B$2:$B$979, _xlpm.pos), _xlpm.start_pos, _xlpm.pos, _xlpm.end_pos, _xlpm.pos + _xlpm.count_pos - 1, _xlpm.points_range, INDEX(Puntuacion!$B$2:$B$1000, _xlpm.start_pos):INDEX(Puntuacion!$B$2:$B$1000, _xlpm.end_pos), AVERAGE(_xlpm.points_range) ) -> 195
... B17: =COUNTIFS($F$3:$F$968,"<"&$F17)+1 -> 1 | C17: G. Masuck | D17: Caballeros | E17: Gastón Masuck Cardozo | F17: 1 | G17: =_xlfn.LET( _xlpm.pos, B17, _xlpm.count_pos, COUNTIF($B$2:$B$979, _xlpm.pos), _xlpm.start_pos, _xlpm.pos, _xlpm.end_pos, _xlpm.pos + _xlpm.count_pos - 1, _xlpm.points_range, INDEX(Puntuacion!$B$2:$B$1000, _xlpm.start_pos):INDEX(Puntuacion!$B$2:$B$1000, _xlpm.end_pos), AVERAGE(_xlpm.points_range) ) -> 250

Sheet Etapa 6 Absoluta
B2: Posicion | C2: FOOTGOLFER NICKNAME | D2: CATEGORÍA INSCRITA | E2: FOOTGOLFER NOMBRE_COMPLETO | F2: TPAR | G2: Puntos
B3: =COUNTIFS($F$3:$F$978,"<"&$F3)+1 -> 3 | C3: A. Leiva | D3: Caballeros | E3: Alberto Leiva cañada | F3: 1 | G3: =_xlfn.LET( _xlpm.pos, B3, _xlpm.count_pos, COUNTIF($B$2:$B$989, _xlpm.pos), _xlpm.start_pos, _xlpm.pos, _xlpm.end_pos, _xlpm.pos + _xlpm.count_pos - 1, _xlpm.points_range, INDEX(Puntuacion!$B$2:$B$1000, _xlpm.start_pos):INDEX(Puntuacion!$B$2:$B$1000, _xlpm.end_pos), AVERAGE(_xlpm.points_range) ) -> 215
B4: =COUNTIFS($F$3:$F$978,"<"&$F4)+1 -> 18 | C4: A. Martínez2927 | D4: Caballeros | E4: Aleix Martínez Muñoz | F4: 37 | G4: =_xlfn.LET( _xlpm.pos, B4, _xlpm.count_pos, COUNTIF($B$2:$B$989, _xlpm.pos), _xlpm.start_pos, _xlpm.pos, _xlpm.end_pos, _xlpm.pos + _xlpm.count_pos - 1, _xlpm.points_range, INDEX(Puntuacion!$B$2:$B$1000, _xlpm.start_pos):INDEX(Puntuacion!$B$2:$B$1000, _xlpm.end_pos), AVERAGE(_xlpm.points_range) ) -> 80
B5: =COUNTIFS($F$3:$F$978,"<"&$F5)+1 -> 19 | C5: A. Salazar | D5: Caballeros | E5: Alberto Salazar Fernández | F5: 41 | G5: =_xlfn.LET( _xlpm.pos, B5, _xlpm.count_pos, COUNTIF($B$2:$B$989, _xlpm.pos), _xlpm.start_pos, _xlpm.pos, _xlpm.end_pos, _xlpm.pos + _xlpm.count_pos - 1, _xlpm.points_range, INDEX(Puntuacion!$B$2:$B$1000, _xlpm.start_pos):INDEX(Puntuacion!$B$2:$B$1000, _xlpm.end_pos), AVERAGE(_xlpm.points_range) ) -> 75
B6: =COUNTIFS($F$3:$F$978,"<"&$F6)+1 -> 5 | C6: B. Reyes | D6: Caballeros | E6: benito reyes gonzalez | F6: 2 | G6: =_xlfn.LET( _xlpm.pos, B6, _xlpm.count_pos, COUNTIF($B$2:$B$989, _xlpm.pos), _xlpm.start_pos, _xlpm.pos, _xlpm.end_pos, _xlpm.pos + _xlpm.count_pos - 1, _xlpm.points_range, INDEX(Puntuacion!$B$2:$B$1000, _xlpm.start_pos):INDEX(Puntuacion!$B$2:$B$1000, _xlpm.end_pos), AVERAGE(_xlpm.points_range) ) -> 190
B7: =COUNTIFS($F$3:$F$978,"<"&$F7)+1 -> 20 | C7: C. Guillamon | D7: Caballeros | E7: Chema🐗🐗 Martínez Guillamon | F7: 63 | G7: =_xlfn.LET( _xlpm.pos, B7, _xlpm.count_pos, COUNTIF($B$2:$B$989, _xlpm.pos), _xlpm.start_pos, _xlpm.pos, _xlpm.end_pos, _xlpm.pos + _xlpm.count_pos - 1, _xlpm.points_range, INDEX(Puntuacion!$B$2:$B$1000, _xlpm.start_pos):INDEX(Puntuacion!$B$2:$B$1000, _xlpm.end_pos), AVERAGE(_xlpm.points_range) ) -> 70
B8: =COUNTIFS($F$3:$F$978,"<"&$F8)+1 -> 16 | C8: D. Abril | D8: Caballeros | E8: Daniel Abril Amador | F8: 20 | G8: =_xlfn.LET( _xlpm.pos, B8, _xlpm.count_pos, COUNTIF($B$2:$B$989, _xlpm.pos), _xlpm.start_pos, _xlpm.pos, _xlpm.end_pos, _xlpm.pos + _xlpm.count_pos - 1, _xlpm.points_range, INDEX(Puntuacion!$B$2:$B$1000, _xlpm.start_pos):INDEX(Puntuacion!$B$2:$B$1000, _xlpm.end_pos), AVERAGE(_xlpm.points_range) ) -> 90
B9: =COUNTIFS($F$3:$F$978,"<"&$F9)+1 -> 15 | C9: D. Linares | D9: Senior 45 + | E9: David Linares Ramos | F9: 10 | G9: =_xlfn.LET( _xlpm.pos, B9, _xlpm.count_pos, COUNTIF($B$2:$B$989, _xlpm.pos), _xlpm.start_pos, _xlpm.pos, _xlpm.end_pos, _xlpm.pos + _xlpm.count_pos - 1, _xlpm.points_range, INDEX(Puntuacion!$B$2:$B$1000, _xlpm.start_pos):INDEX(Puntuacion!$B$2:$B$1000, _xlpm.end_pos), AVERAGE(_xlpm.points_range) ) -> 95
B10: =COUNTIFS($F$3:$F$978,"<"&$F10)+1 -> 7 | C10: D. Tellez | D10: Caballeros | E10: David Tellez Viana | F10: 4 | G10: =_xlfn.LET( _xlpm.pos, B10, _xlpm.count_pos, COUNTIF($B$2:$B$989, _xlpm.pos), _xlpm.start_pos, _xlpm.pos, _xlpm.end_pos, _xlpm.pos + _xlpm.count_pos - 1, _xlpm.points_range, INDEX(Puntuacion!$B$2:$B$1000, _xlpm.start_pos):INDEX(Puntuacion!$B$2:$B$1000, _xlpm.end_pos), AVERAGE(_xlpm.points_range) ) -> 160
B11: =COUNTIFS($F$3:$F$978,"<"&$F11)+1 -> 2 | C11: E. MartinRdz | D11: Caballeros | E11: Eduardo Martin Rodriguez | F11: 0 | G11: =_xlfn.LET( _xlpm.pos, B11, _xlpm.count_pos, COUNTIF($B$2:$B$989, _xlpm.pos), _xlpm.start_pos, _xlpm.pos, _xlpm.end_pos, _xlpm.pos + _xlpm.count_pos - 1, _xlpm.points_range, INDEX(Puntuacion!$B$2:$B$1000, _xlpm.start_pos):INDEX(Puntuacion!$B$2:$B$1000, _xlpm.end_pos), AVERAGE(_xlpm.points_range) ) -> 230
B12: =COUNTIFS($F$3:$F$978,"<"&$F12)+1 -> 17 | C12: F. Guillamón | D12: Senior 45 + | E12: Fernando Martínez Guillamón | F12: 21 | G12: =_xlfn.LET( _xlpm.pos, B12, _xlpm.count_pos, COUNTIF($B$2:$B$989, _xlpm.pos), _xlpm.start_pos, _xlpm.pos, _xlpm.end_pos, _xlpm.pos + _xlpm.count_pos - 1, _xlpm.points_range, INDEX(Puntuacion!$B$2:$B$1000, _xlpm.start_pos):INDEX(Puntuacion!$B$2:$B$1000, _xlpm.end_pos), AVERAGE(_xlpm.points_range) ) -> 85
B13: =COUNTIFS($F$3:$F$978,"<"&$F13)+1 -> 12 | C13: I. Luengo | D13: Caballeros | E13: ivan luengo robles | F13: 6 | G13: =_xlfn.LET( _xlpm.pos, B13, _xlpm.count_pos, COUNTIF($B$2:$B$989, _xlpm.pos), _xlpm.start_pos, _xlpm.pos, _xlpm.end_pos, _xlpm.pos + _xlpm.count_pos - 1, _xlpm.points_range, INDEX(Puntuacion!$B$2:$B$1000, _xlpm.start_pos):INDEX(Puntuacion!$B$2:$B$1000, _xlpm.end_pos), AVERAGE(_xlpm.points_range) ) -> 120
B14: 4 | C14: J. Perez | D14: Caballeros | E14: JuanRa Perez | F14: 1 | G14: =_xlfn.LET( _xlpm.pos, B14, _xlpm.count_pos, COUNTIF($B$2:$B$989, _xlpm.pos), _xlpm.start_pos, _xlpm.pos, _xlpm.end_pos, _xlpm.pos + _xlpm.count_pos - 1, _xlpm.points_range, INDEX(Puntuacion!$B$2:$B$1000, _xlpm.start_pos):INDEX(Puntuacion!$B$2:$B$1000, _xlpm.end_pos), AVERAGE(_xlpm.points_range) ) -> 200
B15: =COUNTIFS($F$3:$F$978,"<"&$F15)+1 -> 1 | C15: J. Santiago | D15: Caballeros | E15: Jorge Santiago Buqueras | F15: -8 | G15: =_xlfn.LET( _xlpm.pos, B15, _xlpm.count_pos, COUNTIF($B$2:$B$989, _xlpm.pos), _xlpm.start_pos, _xlpm.pos, _xlpm.end_pos, _xlpm.pos + _xlpm.count_pos - 1, _xlpm.points_range, INDEX(Puntuacion!$B$2:$B$1000, _xlpm.start_pos):INDEX(Puntuacion!$B$2:$B$1000, _xlpm.end_pos), AVERAGE(_xlpm.points_range) ) -> 250
B16: =COUNTIFS($F$3:$F$978,"<"&$F16)+1 -> 13 | C16: M. Arrebola | D16: Caballeros | E16: Marc Arrebola Sans | F16: 7 | G16: =_xlfn.LET( _xlpm.pos, B16, _xlpm.count_pos, COUNTIF($B$2:$B$989, _xlpm.pos), _xlpm.start_pos, _xlpm.pos, _xlpm.end_pos, _xlpm.pos + _xlpm.count_pos - 1, _xlpm.points_range, INDEX(Puntuacion!$B$2:$B$1000, _xlpm.start_pos):INDEX(Puntuacion!$B$2:$B$1000, _xlpm.end_pos), AVERAGE(_xlpm.points_range) ) -> 110
B17: =COUNTIFS($F$3:$F$978,"<"&$F17)+1 -> 10 | C17: M. Company | D17: Caballeros | E17: Marc Company Salvat | F17: 5 | G17: =_xlfn.LET( _xlpm.pos, B17, _xlpm.count_pos, COUNTIF($B$2:$B$989, _xlpm.pos), _xlpm.start_pos, _xlpm.pos, _xlpm.end_pos, _xlpm.pos + _xlpm.count_pos - 1, _xlpm.points_range, INDEX(Puntuacion!$B$2:$B$1000, _xlpm.start_pos):INDEX(Puntuacion!$B$2:$B$1000, _xlpm.end_pos), AVERAGE(_xlpm.points_range) ) -> 135
B18: =COUNTIFS($F$3:$F$978,"<"&$F18)+1 -> 14 | C18: M. Morón | D18: Caballeros | E18: Mario Morón Sancho | F18: 9 | G18: =_xlfn.LET( _xlpm.pos, B18, _xlpm.count_pos, COUNTIF($B$2:$B$989, _xlpm.pos), _xlpm.start_pos, _xlpm.pos, _xlpm.end_pos, _xlpm.pos + _xlpm.count_pos - 1, _xlpm.points_range, INDEX(Puntuacion!$B$2:$B$1000, _xlpm.start_pos):INDEX(Puntuacion!$B$2:$B$1000, _xlpm.end_pos), AVERAGE(_xlpm.points_range) ) -> 100
B19: =COUNTIFS($F$3:$F$978,"<"&$F19)+1 -> 6 | C19: O. Tressens | D19: Senior 45 + | E19: Olivier Tressens | F19: 3 | G19: =_xlfn.LET( _xlpm.pos, B19, _xlpm.count_pos, COUNTIF($B$2:$B$989, _xlpm.pos), _xlpm.start_pos, _xlpm.pos, _xlpm.end_pos, _xlpm.pos + _xlpm.count_pos - 1, _xlpm.points_range, INDEX(Puntuacion!$B$2:$B$1000, _xlpm.start_pos):INDEX(Puntuacion!$B$2:$B$1000, _xlpm.end_pos), AVERAGE(_xlpm.points_range) ) -> 180
B20: =COUNTIFS($F$3:$F$978,"<"&$F20)+1 -> 7 | C20: R. Linares | D20: Senior 45 + | E20: Raúl Linares Ramos | F20: 4 | G20: =_xlfn.LET( _xlpm.pos, B20, _xlpm.count_pos, COUNTIF($B$2:$B$989, _xlpm.pos), _xlpm.start_pos, _xlpm.pos, _xlpm.end_pos, _xlpm.pos + _xlpm.count_pos - 1, _xlpm.points_range, INDEX(Puntuacion!$B$2:$B$1000, _xlpm.start_pos):INDEX(Puntuacion!$B$2:$B$1000, _xlpm.end_pos), AVERAGE(_xlpm.points_range) ) -> 160
B21: =COUNTIFS($F$3:$F$978,"<"&$F21)+1 -> 7 | C21: S. Pahisa | D21: Caballeros | E21: Sergi Pahisa | F21: 4 | G21: =_xlfn.LET( _xlpm.pos, B21, _xlpm.count_pos, COUNTIF($B$2:$B$989, _xlpm.pos), _xlpm.start_pos, _xlpm.pos, _xlpm.end_pos, _xlpm.pos + _xlpm.count_pos - 1, _xlpm.points_range, INDEX(Puntuacion!$B$2:$B$1000, _xlpm.start_pos):INDEX(Puntuacion!$B$2:$B$1000, _xlpm.end_pos), AVERAGE(_xlpm.points_range) ) -> 160
B22: =COUNTIFS($F$3:$F$978,"<"&$F22)+1 -> 10 | C22: X. Leiva | D22: Caballeros | E22: Xavi Leiva Cañada | F22: 5 | G22: =_xlfn.LET( _xlpm.pos, B22, _xlpm.count_pos, COUNTIF($B$2:$B$989, _xlpm.pos), _xlpm.start_pos, _xlpm.pos, _xlpm.end_pos, _xlpm.pos + _xlpm.count_pos - 1, _xlpm.points_range, INDEX(Puntuacion!$B$2:$B$1000, _xlpm.start_pos):INDEX(Puntuacion!$B$2:$B$1000, _xlpm.end_pos), AVERAGE(_xlpm.points_range) ) -> 135

Sheet Etapa 6 Senior
B2: Posicion | C2: FOOTGOLFER NICKNAME | D2: CATEGORÍA INSCRITA | E2: FOOTGOLFER NOMBRE_COMPLETO | F2: TPAR | G2: Puntos
B3: =COUNTIFS($F$3:$F$963,"<"&$F3)+1 -> 3 | C3: D. Linares | D3: Senior 45 + | E3: David Linares Ramos | F3: 10 | G3: =_xlfn.LET( _xlpm.pos, B3, _xlpm.count_pos, COUNTIF($B$2:$B$974, _xlpm.pos), _xlpm.start_pos, _xlpm.pos, _xlpm.end_pos, _xlpm.pos + _xlpm.count_pos - 1, _xlpm.points_range, INDEX(Puntuacion!$B$2:$B$1000, _xlpm.start_pos):INDEX(Puntuacion!$B$2:$B$1000, _xlpm.end_pos), AVERAGE(_xlpm.points_range) ) -> 215
B4: =COUNTIFS($F$3:$F$963,"<"&$F4)+1 -> 4 | C4: F. Guillamón | D4: Senior 45 + | E4: Fernando Martínez Guillamón | F4: 21 | G4: =_xlfn.LET( _xlpm.pos, B4, _xlpm.count_pos, COUNTIF($B$2:$B$974, _xlpm.pos), _xlpm.start_pos, _xlpm.pos, _xlpm.end_pos, _xlpm.pos + _xlpm.count_pos - 1, _xlpm.points_range, INDEX(Puntuacion!$B$2:$B$1000, _xlpm.start_pos):INDEX(Puntuacion!$B$2:$B$1000, _xlpm.end_pos), AVERAGE(_xlpm.points_range) ) -> 200
B5: =COUNTIFS($F$3:$F$963,"<"&$F5)+1 -> 5 | C5: G. Bonacini | D5: Senior 45 + | E5: Giacomo Bonacini | F5: 180 | G5: =_xlfn.LET( _xlpm.pos, B5, _xlpm.count_pos, COUNTIF($B$2:$B$974, _xlpm.pos), _xlpm.start_pos, _xlpm.pos, _xlpm.end_pos, _xlpm.pos + _xlpm.count_pos - 1, _xlpm.points_range, INDEX(Puntuacion!$B$2:$B$1000, _xlpm.start_pos):INDEX(Puntuacion!$B$2:$B$1000, _xlpm.end_pos), AVERAGE(_xlpm.points_range) ) -> 190
B6: =COUNTIFS($F$3:$F$963,"<"&$F6)+1 -> 1 | C6: O. Tressens | D6: Senior 45 + | E6: Olivier Tressens | F6: 3 | G6: =_xlfn.LET( _xlpm.pos, B6, _xlpm.count_pos, COUNTIF($B$2:$B$974, _xlpm.pos), _xlpm.start_pos, _xlpm.pos, _xlpm.end_pos, _xlpm.pos + _xlpm.count_pos - 1, _xlpm.points_range, INDEX(Puntuacion!$B$2:$B$1000, _xlpm.start_pos):INDEX(Puntuacion!$B$2:$B$1000, _xlpm.end_pos), AVERAGE(_xlpm.points_range) ) -> 250
B7: =COUNTIFS($F$3:$F$963,"<"&$F7)+1 -> 2 | C7: R. Linares | D7: Senior 45 + | E7: Raúl Linares Ramos | F7: 4 | G7: =_xlfn.LET( _xlpm.pos, B7, _xlpm.count_pos, COUNTIF($B$2:$B$974, _xlpm.pos), _xlpm.start_pos, _xlpm.pos, _xlpm.end_pos, _xlpm.pos + _xlpm.count_pos - 1, _xlpm.points_range, INDEX(Puntuacion!$B$2:$B$1000, _xlpm.start_pos):INDEX(Puntuacion!$B$2:$B$1000, _xlpm.end_pos), AVERAGE(_xlpm.points_range) ) -> 230

Sheet Etapa 6 Rookie
B2: Posicion | C2: FOOTGOLFER NICKNAME | D2: CATEGORÍA INSCRITA | E2: FOOTGOLFER NOMBRE_COMPLETO | F2: TPAR | G2: Puntos
B3: =COUNTIFS($F$3:$F$970,"<"&$F3)+1 -> 2 | C3: A. Leiva | D3: Caballeros | E3: Alberto Leiva cañada | F3: 1 | G3: =_xlfn.LET( _xlpm.pos, B3, _xlpm.count_pos, COUNTIF($B$2:$B$981, _xlpm.pos), _xlpm.start_pos, _xlpm.pos, _xlpm.end_pos, _xlpm.pos + _xlpm.count_pos - 1, _xlpm.points_range, INDEX(Puntuacion!$B$2:$B$1000, _xlpm.start_pos):INDEX(Puntuacion!$B$2:$B$1000, _xlpm.end_pos), AVERAGE(_xlpm.points_range) ) -> 230
B4: =COUNTIFS($F$3:$F$970,"<"&$F4)+1 -> 3 | C4: B. Reyes | D4: Caballeros | E4: benito reyes gonzalez | F4: 2 | G4: =_xlfn.LET( _xlpm.pos, B4, _xlpm.count_pos, COUNTIF($B$2:$B$981, _xlpm.pos), _xlpm.start_pos, _xlpm.pos, _xlpm.end_pos, _xlpm.pos + _xlpm.count_pos - 1, _xlpm.points_range, INDEX(Puntuacion!$B$2:$B$1000, _xlpm.start_pos):INDEX(Puntuacion!$B$2:$B$1000, _xlpm.end_pos), AVERAGE(_xlpm.points_range) ) -> 215
B5: =COUNTIFS($F$3:$F$970,"<"&$F5)+1 -> 12 | C5: D. Abril | D5: Caballeros | E5: Daniel Abril Amador | F5: 20 | G5: =_xlfn.LET( _xlpm.pos, B5, _xlpm.count_pos, COUNTIF($B$2:$B$981, _xlpm.pos), _xlpm.start_pos, _xlpm.pos, _xlpm.end_pos, _xlpm.pos + _xlpm.count_pos - 1, _xlpm.points_range, INDEX(Puntuacion!$B$2:$B$1000, _xlpm.start_pos):INDEX(Puntuacion!$B$2:$B$1000, _xlpm.end_pos), AVERAGE(_xlpm.points_range) ) -> 120
B6: =COUNTIFS($F$3:$F$970,"<"&$F6)+1 -> 4 | C6: D. Tellez | D6: Caballeros | E6: David Tellez Viana | F6: 4 | G6: =_xlfn.LET( _xlpm.pos, B6, _xlpm.count_pos, COUNTIF($B$2:$B$981, _xlpm.pos), _xlpm.start_pos, _xlpm.pos, _xlpm.end_pos, _xlpm.pos + _xlpm.count_pos - 1, _xlpm.points_range, INDEX(Puntuacion!$B$2:$B$1000, _xlpm.start_pos):INDEX(Puntuacion!$B$2:$B$1000, _xlpm.end_pos), AVERAGE(_xlpm.points_range) ) -> 190
B7: =COUNTIFS($F$3:$F$970,"<"&$F7)+1 -> 1 | C7: E. MartinRdz | D7: Caballeros | E7: Eduardo Martin Rodriguez | F7: 0 | G7: =_xlfn.LET( _xlpm.pos, B7, _xlpm.count_pos, COUNTIF($B$2:$B$981, _xlpm.pos), _xlpm.start_pos, _xlpm.pos, _xlpm.end_pos, _xlpm.pos + _xlpm.count_pos - 1, _xlpm.points_range, INDEX(Puntuacion!$B$2:$B$1000, _xlpm.start_pos):INDEX(Puntuacion!$B$2:$B$1000, _xlpm.end_pos), AVERAGE(_xlpm.points_range) ) -> 250
B8: =COUNTIFS($F$3:$F$970,"<"&$F8)+1 -> 9 | C8: I. Luengo | D8: Caballeros | E8: ivan luengo robles | F8: 6 | G8: =_xlfn.LET( _xlpm.pos, B8, _xlpm.count_pos, COUNTIF($B$2:$B$981, _xlpm.pos), _xlpm.start_pos, _xlpm.pos, _xlpm.end_pos, _xlpm.pos + _xlpm.count_pos - 1, _xlpm.points_range, INDEX(Puntuacion!$B$2:$B$1000, _xlpm.start_pos):INDEX(Puntuacion!$B$2:$B$1000, _xlpm.end_pos), AVERAGE(_xlpm.points_range) ) -> 150
B9: =COUNTIFS($F$3:$F$970,"<"&$F9)+1 -> 10 | C9: M. Arrebola | D9: Caballeros | E9: Marc Arrebola Sans | F9: 7 | G9: =_xlfn.LET( _xlpm.pos, B9, _xlpm.count_pos, COUNTIF($B$2:$B$981, _xlpm.pos), _xlpm.start_pos, _xlpm.pos, _xlpm.end_pos, _xlpm.pos + _xlpm.count_pos - 1, _xlpm.points_range, INDEX(Puntuacion!$B$2:$B$1000, _xlpm.start_pos):INDEX(Puntuacion!$B$2:$B$1000, _xlpm.end_pos), AVERAGE(_xlpm.points_range) ) -> 140
B10: =COUNTIFS($F$3:$F$970,"<"&$F10)+1 -> 7 | C10: M. Company | D10: Caballeros | E10: Marc Company Salvat | F10: 5 | G10: =_xlfn.LET( _xlpm.pos, B10, _xlpm.count_pos, COUNTIF($B$2:$B$981, _xlpm.pos), _xlpm.start_pos, _xlpm.pos, _xlpm.end_pos, _xlpm.pos + _xlpm.count_pos - 1, _xlpm.points_range, INDEX(Puntuacion!$B$2:$B$1000, _xlpm.start_pos):INDEX(Puntuacion!$B$2:$B$1000, _xlpm.end_pos), AVERAGE(_xlpm.points_range) ) -> 165
B11: =COUNTIFS($F$3:$F$970,"<"&$F11)+1 -> 11 | C11: M. Morón | D11: Caballeros | E11: Mario Morón Sancho | F11: 9 | G11: =_xlfn.LET( _xlpm.pos, B11, _xlpm.count_pos, COUNTIF($B$2:$B$981, _xlpm.pos), _xlpm.start_pos, _xlpm.pos, _xlpm.end_pos, _xlpm.pos + _xlpm.count_pos - 1, _xlpm.points_range, INDEX(Puntuacion!$B$2:$B$1000, _xlpm.start_pos):INDEX(Puntuacion!$B$2:$B$1000, _xlpm.end_pos), AVERAGE(_xlpm.points_range) ) -> 130
B12: =COUNTIFS($F$3:$F$970,"<"&$F12)+1 -> 4 | C12: R. Linares | D12: Senior 45 + | E12: Raúl Linares Ramos | F12: 4 | G12: =_xlfn.LET( _xlpm.pos, B12, _xlpm.count_pos, COUNTIF($B$2:$B$981, _xlpm.pos), _xlpm.start_pos, _xlpm.pos, _xlpm.end_pos, _xlpm.pos + _xlpm.count_pos - 1, _xlpm.points_range, INDEX(Puntuacion!$B$2:$B$1000, _xlpm.start_pos):INDEX(Puntuacion!$B$2:$B$1000, _xlpm.end_pos), AVERAGE(_xlpm.points_range) ) -> 190
B13: =COUNTIFS($F$3:$F$970,"<"&$F13)+1 -> 4 | C13: S. Pahisa | D13: Caballeros | E13: Sergi Pahisa | F13: 4 | G13: =_xlfn.LET( _xlpm.pos, B13, _xlpm.count_pos, COUNTIF($B$2:$B$981, _xlpm.pos), _xlpm.start_pos, _xlpm.pos, _xlpm.end_pos, _xlpm.pos + _xlpm.count_pos - 1, _xlpm.points_range, INDEX(Puntuacion!$B$2:$B$1000, _xlpm.start_pos):INDEX(Puntuacion!$B$2:$B$1000, _xlpm.end_pos), AVERAGE(_xlpm.points_range) ) -> 190
B14: =COUNTIFS($F$3:$F$970,"<"&$F14)+1 -> 7 | C14: X. Leiva | D14: Caballeros | E14: Xavi Leiva Cañada | F14: 5 | G14: =_xlfn.LET( _xlpm.pos, B14, _xlpm.count_pos, COUNTIF($B$2:$B$981, _xlpm.pos), _xlpm.start_pos, _xlpm.pos, _xlpm.end_pos, _xlpm.pos + _xlpm.count_pos - 1, _xlpm.points_range, INDEX(Puntuacion!$B$2:$B$1000, _xlpm.start_pos):INDEX(Puntuacion!$B$2:$B$1000, _xlpm.end_pos), AVERAGE(_xlpm.points_range) ) -> 165

Sheet Etapa 1 Plata
B2: Posicion | C2: FOOTGOLFER NICKNAME | D2: CATEGORÍA INSCRITA | E2: FOOTGOLFER NOMBRE_COMPLETO | F2: TPAR | G2: Puntos
B3: =COUNTIFS($F$3:$F$966,"<"&$F3)+1 -> 8 | C3: A. Martínez2927 | D3: Caballeros | E3: Aleix Martínez Muñoz | F3: 37 | G3: =_xlfn.LET( _xlpm.pos, B3, _xlpm.count_pos, COUNTIF($B$2:$B$977, _xlpm.pos), _xlpm.start_pos, _xlpm.pos, _xlpm.end_pos, _xlpm.pos + _xlpm.count_pos - 1, _xlpm.points_range, INDEX(Puntuacion!$B$2:$B$1000, _xlpm.start_pos):INDEX(Puntuacion!$B$2:$B$1000, _xlpm.end_pos), AVERAGE(_xlpm.points_range) ) -> 160
B4: =COUNTIFS($F$3:$F$966,"<"&$F4)+1 -> 7 | C4: F. Guillamón | D4: Senior 45 + | E4: Fernando Martínez Guillamón | F4: 21 | G4: =_xlfn.LET( _xlpm.pos, B4, _xlpm.count_pos, COUNTIF($B$2:$B$977, _xlpm.pos), _xlpm.start_pos, _xlpm.pos, _xlpm.end_pos, _xlpm.pos + _xlpm.count_pos - 1, _xlpm.points_range, INDEX(Puntuacion!$B$2:$B$1000, _xlpm.start_pos):INDEX(Puntuacion!$B$2:$B$1000, _xlpm.end_pos), AVERAGE(_xlpm.points_range) ) -> 170
B5: =COUNTIFS($F$3:$F$966,"<"&$F5)+1 -> 6 | C5: D. Abril | D5: Caballeros | E5: Daniel Abril Amador | F5: 20 | G5: =_xlfn.LET( _xlpm.pos, B5, _xlpm.count_pos, COUNTIF($B$2:$B$977, _xlpm.pos), _xlpm.start_pos, _xlpm.pos, _xlpm.end_pos, _xlpm.pos + _xlpm.count_pos - 1, _xlpm.points_range, INDEX(Puntuacion!$B$2:$B$1000, _xlpm.start_pos):INDEX(Puntuacion!$B$2:$B$1000, _xlpm.end_pos), AVERAGE(_xlpm.points_range) ) -> 180
B6: =COUNTIFS($F$3:$F$966,"<"&$F6)+1 -> 5 | C6: M. Morón | D6: Caballeros | E6: Mario Morón Sancho | F6: 9 | G6: =_xlfn.LET( _xlpm.pos, B6, _xlpm.count_pos, COUNTIF($B$2:$B$977, _xlpm.pos), _xlpm.start_pos, _xlpm.pos, _xlpm.end_pos, _xlpm.pos + _xlpm.count_pos - 1, _xlpm.points_range, INDEX(Puntuacion!$B$2:$B$1000, _xlpm.start_pos):INDEX(Puntuacion!$B$2:$B$1000, _xlpm.end_pos), AVERAGE(_xlpm.points_range) ) -> 190
B7: =COUNTIFS($F$3:$F$966,"<"&$F7)+1 -> 4 | C7: M. Arrebola | D7: Caballeros | E7: Marc Arrebola Sans | F7: 7 | G7: =_xlfn.LET( _xlpm.pos, B7, _xlpm.count_pos, COUNTIF($B$2:$B$977, _xlpm.pos), _xlpm.start_pos, _xlpm.pos, _xlpm.end_pos, _xlpm.pos + _xlpm.count_pos - 1, _xlpm.points_range, INDEX(Puntuacion!$B$2:$B$1000, _xlpm.start_pos):INDEX(Puntuacion!$B$2:$B$1000, _xlpm.end_pos), AVERAGE(_xlpm.points_range) ) -> 200
B8: =COUNTIFS($F$3:$F$966,"<"&$F8)+1 -> 3 | C8: I. Luengo | D8: Caballeros | E8: ivan luengo robles | F8: 6 | G8: =_xlfn.LET( _xlpm.pos, B8, _xlpm.count_pos, COUNTIF($B$2:$B$977, _xlpm.pos), _xlpm.start_pos, _xlpm.pos, _xlpm.end_pos, _xlpm.pos + _xlpm.count_pos - 1, _xlpm.points_range, INDEX(Puntuacion!$B$2:$B$1000, _xlpm.start_pos):INDEX(Puntuacion!$B$2:$B$1000, _xlpm.end_pos), AVERAGE(_xlpm.points_range) ) -> 215
B9: =COUNTIFS($F$3:$F$966,"<"&$F9)+1 -> 2 | C9: M. Company | D9: Caballeros | E9: Marc Company Salvat | F9: 5 | G9: =_xlfn.LET( _xlpm.pos, B9, _xlpm.count_pos, COUNTIF($B$2:$B$977, _xlpm.pos), _xlpm.start_pos, _xlpm.pos, _xlpm.end_pos, _xlpm.pos + _xlpm.count_pos - 1, _xlpm.points_range, INDEX(Puntuacion!$B$2:$B$1000, _xlpm.start_pos):INDEX(Puntuacion!$B$2:$B$1000, _xlpm.end_pos), AVERAGE(_xlpm.points_range) ) -> 230
B10: =COUNTIFS($F$3:$F$966,"<"&$F10)+1 -> 1 | C10: S. Pahisa | D10: Caballeros | E10: Sergi Pahisa | F10: 4 | G10: =_xlfn.LET( _xlpm.pos, B10, _xlpm.count_pos, COUNTIF($B$2:$B$977, _xlpm.pos), _xlpm.start_pos, _xlpm.pos, _xlpm.end_pos, _xlpm.pos + _xlpm.count_pos - 1, _xlpm.points_range, INDEX(Puntuacion!$B$2:$B$1000, _xlpm.start_pos):INDEX(Puntuacion!$B$2:$B$1000, _xlpm.end_pos), AVERAGE(_xlpm.points_range) ) -> 250

Sheet Etapa 5 Absoluta
B2: Posicion | C2: FOOTGOLFER NICKNAME | D2: CATEGORÍA INSCRITA | E2: FOOTGOLFER NOMBRE_COMPLETO | F2: TPAR | G2: Puntos
B3: =COUNTIFS($F$3:$F$980,"<"&$F3)+1 -> 5 | C3: A. Leiva | D3: Caballeros | E3: Alberto Leiva cañada | F3: -1 | G3: =_xlfn.LET( _xlpm.pos, B3, _xlpm.count_pos, COUNTIF($B$2:$B$991, _xlpm.pos), _xlpm.start_pos, _xlpm.pos, _xlpm.end_pos, _xlpm.pos + _xlpm.count_pos - 1, _xlpm.points_range, INDEX(Puntuacion!$B$2:$B$1000, _xlpm.start_pos):INDEX(Puntuacion!$B$2:$B$1000, _xlpm.end_pos), AVERAGE(_xlpm.points_range) ) -> 185
B4: =COUNTIFS($F$3:$F$980,"<"&$F4)+1 -> 4 | C4: A. Salazar | D4: Caballeros | E4: Alberto Salazar Fernández | F4: -4 | G4: =_xlfn.LET( _xlpm.pos, B4, _xlpm.count_pos, COUNTIF($B$2:$B$991, _xlpm.pos), _xlpm.start_pos, _xlpm.pos, _xlpm.end_pos, _xlpm.pos + _xlpm.count_pos - 1, _xlpm.points_range, INDEX(Puntuacion!$B$2:$B$1000, _xlpm.start_pos):INDEX(Puntuacion!$B$2:$B$1000, _xlpm.end_pos), AVERAGE(_xlpm.points_range) ) -> 200
B5: =COUNTIFS($F$3:$F$980,"<"&$F5)+1 -> 7 | C5: B. Reyes | D5: Caballeros | E5: benito reyes gonzalez | F5: 3 | G5: =_xlfn.LET( _xlpm.pos, B5, _xlpm.count_pos, COUNTIF($B$2:$B$991, _xlpm.pos), _xlpm.start_pos, _xlpm.pos, _xlpm.end_pos, _xlpm.pos + _xlpm.count_pos - 1, _xlpm.points_range, INDEX(Puntuacion!$B$2:$B$1000, _xlpm.start_pos):INDEX(Puntuacion!$B$2:$B$1000, _xlpm.end_pos), AVERAGE(_xlpm.points_range) ) -> 160
B6: =COUNTIFS($F$3:$F$980,"<"&$F6)+1 -> 5 | C6: C. Guillamon | D6: Caballeros | E6: Chema🐗🐗 Martínez Guillamon | F6: -1 | G6: =_xlfn.LET( _xlpm.pos, B6, _xlpm.count_pos, COUNTIF($B$2:$B$991, _xlpm.pos), _xlpm.start_pos, _xlpm.pos, _xlpm.end_pos, _xlpm.pos + _xlpm.count_pos - 1, _xlpm.points_range, INDEX(Puntuacion!$B$2:$B$1000, _xlpm.start_pos):INDEX(Puntuacion!$B$2:$B$1000, _xlpm.end_pos), AVERAGE(_xlpm.points_range) ) -> 185
B7: =COUNTIFS($F$3:$F$980,"<"&$F7)+1 -> 10 | C7: D. Linares | D7: Senior 45 + | E7: David Linares Ramos | F7: 4 | G7: =_xlfn.LET( _xlpm.pos, B7, _xlpm.count_pos, COUNTIF($B$2:$B$991, _xlpm.pos), _xlpm.start_pos, _xlpm.pos, _xlpm.end_pos, _xlpm.pos + _xlpm.count_pos - 1, _xlpm.points_range, INDEX(Puntuacion!$B$2:$B$1000, _xlpm.start_pos):INDEX(Puntuacion!$B$2:$B$1000, _xlpm.end_pos), AVERAGE(_xlpm.points_range) ) -> 130
B8: =COUNTIFS($F$3:$F$980,"<"&$F8)+1 -> 7 | C8: D. Tellez | D8: Caballeros | E8: David Tellez Viana | F8: 3 | G8: =_xlfn.LET( _xlpm.pos, B8, _xlpm.count_pos, COUNTIF($B$2:$B$991, _xlpm.pos), _xlpm.start_pos, _xlpm.pos, _xlpm.end_pos, _xlpm.pos + _xlpm.count_pos - 1, _xlpm.points_range, INDEX(Puntuacion!$B$2:$B$1000, _xlpm.start_pos):INDEX(Puntuacion!$B$2:$B$1000, _xlpm.end_pos), AVERAGE(_xlpm.points_range) ) -> 160
B9: =COUNTIFS($F$3:$F$980,"<"&$F9)+1 -> 10 | C9: E. MartinRdz | D9: Caballeros | E9: Eduardo Martin Rodriguez | F9: 4 | G9: =_xlfn.LET( _xlpm.pos, B9, _xlpm.count_pos, COUNTIF($B$2:$B$991, _xlpm.pos), _xlpm.start_pos, _xlpm.pos, _xlpm.end_pos, _xlpm.pos + _xlpm.count_pos - 1, _xlpm.points_range, INDEX(Puntuacion!$B$2:$B$1000, _xlpm.start_pos):INDEX(Puntuacion!$B$2:$B$1000, _xlpm.end_pos), AVERAGE(_xlpm.points_range) ) -> 130
B10: =COUNTIFS($F$3:$F$980,"<"&$F10)+1 -> 14 | C10: I. Luengo | D10: Caballeros | E10: ivan luengo robles | F10: 8 | G10: =_xlfn.LET( _xlpm.pos, B10, _xlpm.count_pos, COUNTIF($B$2:$B$991, _xlpm.pos), _xlpm.start_pos, _xlpm.pos, _xlpm.end_pos, _xlpm.pos + _xlpm.count_pos - 1, _xlpm.points_range, INDEX(Puntuacion!$B$2:$B$1000, _xlpm.start_pos):INDEX(Puntuacion!$B$2:$B$1000, _xlpm.end_pos), AVERAGE(_xlpm.points_range) ) -> 92.5
B11: =COUNTIFS($F$3:$F$980,"<"&$F11)+1 -> 2 | C11: J. Perez | D11: Caballeros | E11: JuanRa Perez | F11: -8 | G11: =_xlfn.LET( _xlpm.pos, B11, _xlpm.count_pos, COUNTIF($B$2:$B$991, _xlpm.pos), _xlpm.start_pos, _xlpm.pos, _xlpm.end_pos, _xlpm.pos + _xlpm.count_pos - 1, _xlpm.points_range, INDEX(Puntuacion!$B$2:$B$1000, _xlpm.start_pos):INDEX(Puntuacion!$B$2:$B$1000, _xlpm.end_pos), AVERAGE(_xlpm.points_range) ) -> 230
B12: =COUNTIFS($F$3:$F$980,"<"&$F12)+1 -> 7 | C12: J. Pizarro | D12: Caballeros | E12: Jesús Pizarro Gonzálvez | F12: 3 | G12: =_xlfn.LET( _xlpm.pos, B12, _xlpm.count_pos, COUNTIF($B$2:$B$991, _xlpm.pos), _xlpm.start_pos, _xlpm.pos, _xlpm.end_pos, _xlpm.pos + _xlpm.count_pos - 1, _xlpm.points_range, INDEX(Puntuacion!$B$2:$B$1000, _xlpm.start_pos):INDEX(Puntuacion!$B$2:$B$1000, _xlpm.end_pos), AVERAGE(_xlpm.points_range) ) -> 160
B13: =COUNTIFS($F$3:$F$980,"<"&$F13)+1 -> 1 | C13: J. Santiago | D13: Caballeros | E13: Jorge Santiago Buqueras | F13: -9 | G13: =_xlfn.LET( _xlpm.pos, B13, _xlpm.count_pos, COUNTIF($B$2:$B$991, _xlpm.pos), _xlpm.start_pos, _xlpm.pos, _xlpm.end_pos, _xlpm.pos + _xlpm.count_pos - 1, _xlpm.points_range, INDEX(Puntuacion!$B$2:$B$1000, _xlpm.start_pos):INDEX(Puntuacion!$B$2:$B$1000, _xlpm.end_pos), AVERAGE(_xlpm.points_range) ) -> 250
B14: =COUNTIFS($F$3:$F$980,"<"&$F14)+1 -> 14 | C14: M. Arrebola | D14: Caballeros | E14: Marc Arrebola Sans | F14: 8 | G14: =_xlfn.LET( _xlpm.pos, B14, _xlpm.count_pos, COUNTIF($B$2:$B$991, _xlpm.pos), _xlpm.start_pos, _xlpm.pos, _xlpm.end_pos, _xlpm.pos + _xlpm.count_pos - 1, _xlpm.points_range, INDEX(Puntuacion!$B$2:$B$1000, _xlpm.start_pos):INDEX(Puntuacion!$B$2:$B$1000, _xlpm.end_pos), AVERAGE(_xlpm.points_range) ) -> 92.5
... B20: =COUNTIFS($F$3:$F$980,"<"&$F20)+1 -> 13 | C20: X. Leiva | D20: Caballeros | E20: Xavi Leiva Cañada | F20: 7 | G20: =_xlfn.LET( _xlpm.pos, B20, _xlpm.count_pos, COUNTIF($B$2:$B$991, _xlpm.pos), _xlpm.start_pos, _xlpm.pos, _xlpm.end_pos, _xlpm.pos + _xlpm.count_pos - 1, _xlpm.points_range, INDEX(Puntuacion!$B$2:$B$1000, _xlpm.start_pos):INDEX(Puntuacion!$B$2:$B$1000, _xlpm.end_pos), AVERAGE(_xlpm.points_range) ) -> 110

Sheet Etapa 5 Senior
B2: Posicion | C2: FOOTGOLFER NICKNAME | D2: CATEGORÍA INSCRITA | E2: FOOTGOLFER NOMBRE_COMPLETO | F2: TPAR | G2: Puntos
B3: =COUNTIFS($F$3:$F$967,"<"&$F3)+1 -> 2 | C3: D. Linares | D3: Senior 45 + | E3: David Linares Ramos | F3: 4 | G3: =_xlfn.LET( _xlpm.pos, B3, _xlpm.count_pos, COUNTIF($B$2:$B$978, _xlpm.pos), _xlpm.start_pos, _xlpm.pos, _xlpm.end_pos, _xlpm.pos + _xlpm.count_pos - 1, _xlpm.points_range, INDEX(Puntuacion!$B$2:$B$1000, _xlpm.start_pos):INDEX(Puntuacion!$B$2:$B$1000, _xlpm.end_pos), AVERAGE(_xlpm.points_range) ) -> 222.5
B4: =COUNTIFS($F$3:$F$967,"<"&$F4)+1 -> 1 | C4: O. Tressens | D4: Senior 45 + | E4: Olivier Tressens | F4: -7 | G4: =_xlfn.LET( _xlpm.pos, B4, _xlpm.count_pos, COUNTIF($B$2:$B$978, _xlpm.pos), _xlpm.start_pos, _xlpm.pos, _xlpm.end_pos, _xlpm.pos + _xlpm.count_pos - 1, _xlpm.points_range, INDEX(Puntuacion!$B$2:$B$1000, _xlpm.start_pos):INDEX(Puntuacion!$B$2:$B$1000, _xlpm.end_pos), AVERAGE(_xlpm.points_range) ) -> 250
B5: =COUNTIFS($F$3:$F$967,"<"&$F5)+1 -> 2 | C5: R. Linares | D5: Senior 45 + | E5: Raúl Linares Ramos | F5: 4 | G5: =_xlfn.LET( _xlpm.pos, B5, _xlpm.count_pos, COUNTIF($B$2:$B$978, _xlpm.pos), _xlpm.start_pos, _xlpm.pos, _xlpm.end_pos, _xlpm.pos + _xlpm.count_pos - 1, _xlpm.points_range, INDEX(Puntuacion!$B$2:$B$1000, _xlpm.start_pos):INDEX(Puntuacion!$B$2:$B$1000, _xlpm.end_pos), AVERAGE(_xlpm.points_range) ) -> 222.5

Sheet Etapa 5 Rookie
B2: Posicion | C2: FOOTGOLFER NICKNAME | D2: CATEGORÍA INSCRITA | E2: FOOTGOLFER NOMBRE_COMPLETO | F2: TPAR | G2: Puntos
B3: =COUNTIFS($F$3:$F$973,"<"&$F3)+1 -> 1 | C3: A. Leiva | D3: Caballeros | E3: Alberto Leiva cañada | F3: -1 | G3: =_xlfn.LET( _xlpm.pos, B3, _xlpm.count_pos, COUNTIF($B$2:$B$984, _xlpm.pos), _xlpm.start_pos, _xlpm.pos, _xlpm.end_pos, _xlpm.pos + _xlpm.count_pos - 1, _xlpm.points_range, INDEX(Puntuacion!$B$2:$B$1000, _xlpm.start_pos):INDEX(Puntuacion!$B$2:$B$1000, _xlpm.end_pos), AVERAGE(_xlpm.points_range) ) -> 250
B4: 3 | C4: B. Reyes | D4: Caballeros | E4: benito reyes gonzalez | F4: 3 | G4: =_xlfn.LET( _xlpm.pos, B4, _xlpm.count_pos, COUNTIF($B$2:$B$984, _xlpm.pos), _xlpm.start_pos, _xlpm.pos, _xlpm.end_pos, _xlpm.pos + _xlpm.count_pos - 1, _xlpm.points_range, INDEX(Puntuacion!$B$2:$B$1000, _xlpm.start_pos):INDEX(Puntuacion!$B$2:$B$1000, _xlpm.end_pos), AVERAGE(_xlpm.points_range) ) -> 215
B5: =COUNTIFS($F$3:$F$973,"<"&$F5)+1 -> 2 | C5: D. Tellez | D5: Caballeros | E5: David Tellez Viana | F5: 3 | G5: =_xlfn.LET( _xlpm.pos, B5, _xlpm.count_pos, COUNTIF($B$2:$B$984, _xlpm.pos), _xlpm.start_pos, _xlpm.pos, _xlpm.end_pos, _xlpm.pos + _xlpm.count_pos - 1, _xlpm.points_range, INDEX(Puntuacion!$B$2:$B$1000, _xlpm.start_pos):INDEX(Puntuacion!$B$2:$B$1000, _xlpm.end_pos), AVERAGE(_xlpm.points_range) ) -> 230
B6: =COUNTIFS($F$3:$F$973,"<"&$F6)+1 -> 4 | C6: E. MartinRdz | D6: Caballeros | E6: Eduardo Martin Rodriguez | F6: 4 | G6: =_xlfn.LET( _xlpm.pos, B6, _xlpm.count_pos, COUNTIF($B$2:$B$984, _xlpm.pos), _xlpm.start_pos, _xlpm.pos, _xlpm.end_pos, _xlpm.pos + _xlpm.count_pos - 1, _xlpm.points_range, INDEX(Puntuacion!$B$2:$B$1000, _xlpm.start_pos):INDEX(Puntuacion!$B$2:$B$1000, _xlpm.end_pos), AVERAGE(_xlpm.points_range) ) -> 195
B7: =COUNTIFS($F$3:$F$973,"<"&$F7)+1 -> 7 | C7: I. Luengo | D7: Caballeros | E7: ivan luengo robles | F7: 8 | G7: =_xlfn.LET( _xlpm.pos, B7, _xlpm.count_pos, COUNTIF($B$2:$B$984, _xlpm.pos), _xlpm.start_pos, _xlpm.pos, _xlpm.end_pos, _xlpm.pos + _xlpm.count_pos - 1, _xlpm.points_range, INDEX(Puntuacion!$B$2:$B$1000, _xlpm.start_pos):INDEX(Puntuacion!$B$2:$B$1000, _xlpm.end_pos), AVERAGE(_xlpm.points_range) ) -> 155
B8: =COUNTIFS($F$3:$F$973,"<"&$F8)+1 -> 7 | C8: M. Arrebola | D8: Caballeros | E8: Marc Arrebola Sans | F8: 8 | G8: =_xlfn.LET( _xlpm.pos, B8, _xlpm.count_pos, COUNTIF($B$2:$B$984, _xlpm.pos), _xlpm.start_pos, _xlpm.pos, _xlpm.end_pos, _xlpm.pos + _xlpm.count_pos - 1, _xlpm.points_range, INDEX(Puntuacion!$B$2:$B$1000, _xlpm.start_pos):INDEX(Puntuacion!$B$2:$B$1000, _xlpm.end_pos), AVERAGE(_xlpm.points_range) ) -> 155
B9: =COUNTIFS($F$3:$F$973,"<"&$F9)+1 -> 11 | C9: M. Company | D9: Caballeros | E9: Marc Company Salvat | F9: 9 | G9: =_xlfn.LET( _xlpm.pos, B9, _xlpm.count_pos, COUNTIF($B$2:$B$984, _xlpm.pos), _xlpm.start_pos, _xlpm.pos, _xlpm.end_pos, _xlpm.pos + _xlpm.count_pos - 1, _xlpm.points_range, INDEX(Puntuacion!$B$2:$B$1000, _xlpm.start_pos):INDEX(Puntuacion!$B$2:$B$1000, _xlpm.end_pos), AVERAGE(_xlpm.points_range) ) -> 130
B10: =COUNTIFS($F$3:$F$973,"<"&$F10)+1 -> 7 | C10: M. Morón | D10: Caballeros | E10: Mario Morón Sancho | F10: 8 | G10: =_xlfn.LET( _xlpm.pos, B10, _xlpm.count_pos, COUNTIF($B$2:$B$984, _xlpm.pos), _xlpm.start_pos, _xlpm.pos, _xlpm.end_pos, _xlpm.pos + _xlpm.count_pos - 1, _xlpm.points_range, INDEX(Puntuacion!$B$2:$B$1000, _xlpm.start_pos):INDEX(Puntuacion!$B$2:$B$1000, _xlpm.end_pos), AVERAGE(_xlpm.points_range) ) -> 155
B11: =COUNTIFS($F$3:$F$973,"<"&$F11)+1 -> 4 | C11: R. Linares | D11: Senior 45 + | E11: Raúl Linares Ramos | F11: 4 | G11: =_xlfn.LET( _xlpm.pos, B11, _xlpm.count_pos, COUNTIF($B$2:$B$984, _xlpm.pos), _xlpm.start_pos, _xlpm.pos, _xlpm.end_pos, _xlpm.pos + _xlpm.count_pos - 1, _xlpm.points_range, INDEX(Puntuacion!$B$2:$B$1000, _xlpm.start_pos):INDEX(Puntuacion!$B$2:$B$1000, _xlpm.end_pos), AVERAGE(_xlpm.points_range) ) -> 195
B12: =COUNTIFS($F$3:$F$973,"<"&$F12)+1 -> 7 | C12: S. Pahisa | D12: Caballeros | E12: Sergi Pahisa | F12: 8 | G12: =_xlfn.LET( _xlpm.pos, B12, _xlpm.count_pos, COUNTIF($B$2:$B$984, _xlpm.pos), _xlpm.start_pos, _xlpm.pos, _xlpm.end_pos, _xlpm.pos + _xlpm.count_pos - 1, _xlpm.points_range, INDEX(Puntuacion!$B$2:$B$1000, _xlpm.start_pos):INDEX(Puntuacion!$B$2:$B$1000, _xlpm.end_pos), AVERAGE(_xlpm.points_range) ) -> 155
B13: =COUNTIFS($F$3:$F$973,"<"&$F13)+1 -> 6 | C13: X. Leiva | D13: Caballeros | E13: Xavi Leiva Cañada | F13: 7 | G13: =_xlfn.LET( _xlpm.pos, B13, _xlpm.count_pos, COUNTIF($B$2:$B$984, _xlpm.pos), _xlpm.start_pos, _xlpm.pos, _xlpm.end_pos, _xlpm.pos + _xlpm.count_pos - 1, _xlpm.points_range, INDEX(Puntuacion!$B$2:$B$1000, _xlpm.start_pos):INDEX(Puntuacion!$B$2:$B$1000, _xlpm.end_pos), AVERAGE(_xlpm.points_range) ) -> 180

Sheet Etapa 4 Absoluta
B2: Posicion | C2: FOOTGOLFER NICKNAME | D2: CATEGORÍA INSCRITA | E2: FOOTGOLFER NOMBRE_COMPLETO | F2: TPAR | G2: Puntos
B3: =COUNTIFS($F$3:$F$982,"<"&$F3)+1 -> 1 | C3: A. Salazar | D3: Caballeros | E3: Alberto Salazar Fernández | F3: -6 | G3: =_xlfn.LET( _xlpm.pos, B3, _xlpm.count_pos, COUNTIF($B$2:$B$993, _xlpm.pos), _xlpm.start_pos, _xlpm.pos, _xlpm.end_pos, _xlpm.pos + _xlpm.count_pos - 1, _xlpm.points_range, INDEX(Puntuacion!$B$2:$B$1000, _xlpm.start_pos):INDEX(Puntuacion!$B$2:$B$1000, _xlpm.end_pos), AVERAGE(_xlpm.points_range) ) -> 250
B4: =COUNTIFS($F$3:$F$982,"<"&$F4)+1 -> 2 | C4: J. Santiago | D4: Caballeros | E4: Jorge Santiago Buqueras | F4: -5 | G4: =_xlfn.LET( _xlpm.pos, B4, _xlpm.count_pos, COUNTIF($B$2:$B$993, _xlpm.pos), _xlpm.start_pos, _xlpm.pos, _xlpm.end_pos, _xlpm.pos + _xlpm.count_pos - 1, _xlpm.points_range, INDEX(Puntuacion!$B$2:$B$1000, _xlpm.start_pos):INDEX(Puntuacion!$B$2:$B$1000, _xlpm.end_pos), AVERAGE(_xlpm.points_range) ) -> 230
B5: =COUNTIFS($F$3:$F$982,"<"&$F5)+1 -> 3 | C5: J. Perez | D5: Caballeros | E5: JuanRa Perez | F5: -4 | G5: =_xlfn.LET( _xlpm.pos, B5, _xlpm.count_pos, COUNTIF($B$2:$B$993, _xlpm.pos), _xlpm.start_pos, _xlpm.pos, _xlpm.end_pos, _xlpm.pos + _xlpm.count_pos - 1, _xlpm.points_range, INDEX(Puntuacion!$B$2:$B$1000, _xlpm.start_pos):INDEX(Puntuacion!$B$2:$B$1000, _xlpm.end_pos), AVERAGE(_xlpm.points_range) ) -> 215
B6: 4 | C6: E. MartinRdz | D6: Caballeros | E6: Eduardo Martin Rodriguez | F6: -4 | G6: =_xlfn.LET( _xlpm.pos, B6, _xlpm.count_pos, COUNTIF($B$2:$B$993, _xlpm.pos), _xlpm.start_pos, _xlpm.pos, _xlpm.end_pos, _xlpm.pos + _xlpm.count_pos - 1, _xlpm.points_range, INDEX(Puntuacion!$B$2:$B$1000, _xlpm.start_pos):INDEX(Puntuacion!$B$2:$B$1000, _xlpm.end_pos), AVERAGE(_xlpm.points_range) ) -> 200
B7: =COUNTIFS($F$3:$F$982,"<"&$F7)+1 -> 5 | C7: C. Guillamon | D7: Caballeros | E7: Chema🐗🐗 Martínez Guillamon | F7: -3 | G7: =_xlfn.LET( _xlpm.pos, B7, _xlpm.count_pos, COUNTIF($B$2:$B$993, _xlpm.pos), _xlpm.start_pos, _xlpm.pos, _xlpm.end_pos, _xlpm.pos + _xlpm.count_pos - 1, _xlpm.points_range, INDEX(Puntuacion!$B$2:$B$1000, _xlpm.start_pos):INDEX(Puntuacion!$B$2:$B$1000, _xlpm.end_pos), AVERAGE(_xlpm.points_range) ) -> 190
B8: =COUNTIFS($F$3:$F$982,"<"&$F8)+1 -> 6 | C8: A. Leiva | D8: Caballeros | E8: Alberto Leiva cañada | F8: -2 | G8: =_xlfn.LET( _xlpm.pos, B8, _xlpm.count_pos, COUNTIF($B$2:$B$993, _xlpm.pos), _xlpm.start_pos, _xlpm.pos, _xlpm.end_pos, _xlpm.pos + _xlpm.count_pos - 1, _xlpm.points_range, INDEX(Puntuacion!$B$2:$B$1000, _xlpm.start_pos):INDEX(Puntuacion!$B$2:$B$1000, _xlpm.end_pos), AVERAGE(_xlpm.points_range) ) -> 170
B9: =COUNTIFS($F$3:$F$982,"<"&$F9)+1 -> 6 | C9: O. Tressens | D9: Senior 45 + | E9: Olivier Tressens | F9: -2 | G9: =_xlfn.LET( _xlpm.pos, B9, _xlpm.count_pos, COUNTIF($B$2:$B$993, _xlpm.pos), _xlpm.start_pos, _xlpm.pos, _xlpm.end_pos, _xlpm.pos + _xlpm.count_pos - 1, _xlpm.points_range, INDEX(Puntuacion!$B$2:$B$1000, _xlpm.start_pos):INDEX(Puntuacion!$B$2:$B$1000, _xlpm.end_pos), AVERAGE(_xlpm.points_range) ) -> 170
B10: =COUNTIFS($F$3:$F$982,"<"&$F10)+1 -> 6 | C10: S. Pahisa | D10: Caballeros | E10: Sergi Pahisa | F10: -2 | G10: =_xlfn.LET( _xlpm.pos, B10, _xlpm.count_pos, COUNTIF($B$2:$B$993, _xlpm.pos), _xlpm.start_pos, _xlpm.pos, _xlpm.end_pos, _xlpm.pos + _xlpm.count_pos - 1, _xlpm.points_range, INDEX(Puntuacion!$B$2:$B$1000, _xlpm.start_pos):INDEX(Puntuacion!$B$2:$B$1000, _xlpm.end_pos), AVERAGE(_xlpm.points_range) ) -> 170
B11: =COUNTIFS($F$3:$F$982,"<"&$F11)+1 -> 9 | C11: D. Linares | D11: Senior 45 + | E11: David Linares Ramos | F11: 0 | G11: =_xlfn.LET( _xlpm.pos, B11, _xlpm.count_pos, COUNTIF($B$2:$B$993, _xlpm.pos), _xlpm.start_pos, _xlpm.pos, _xlpm.end_pos, _xlpm.pos + _xlpm.count_pos - 1, _xlpm.points_range, INDEX(Puntuacion!$B$2:$B$1000, _xlpm.start_pos):INDEX(Puntuacion!$B$2:$B$1000, _xlpm.end_pos), AVERAGE(_xlpm.points_range) ) -> 150
B12: =COUNTIFS($F$3:$F$982,"<"&$F12)+1 -> 10 | C12: X. Leiva | D12: Caballeros | E12: Xavi Leiva Cañada | F12: 1 | G12: =_xlfn.LET( _xlpm.pos, B12, _xlpm.count_pos, COUNTIF($B$2:$B$993, _xlpm.pos), _xlpm.start_pos, _xlpm.pos, _xlpm.end_pos, _xlpm.pos + _xlpm.count_pos - 1, _xlpm.points_range, INDEX(Puntuacion!$B$2:$B$1000, _xlpm.start_pos):INDEX(Puntuacion!$B$2:$B$1000, _xlpm.end_pos), AVERAGE(_xlpm.points_range) ) -> 140
B13: =COUNTIFS($F$3:$F$982,"<"&$F13)+1 -> 11 | C13: I. Luengo | D13: Caballeros | E13: ivan luengo robles | F13: 2 | G13: =_xlfn.LET( _xlpm.pos, B13, _xlpm.count_pos, COUNTIF($B$2:$B$993, _xlpm.pos), _xlpm.start_pos, _xlpm.pos, _xlpm.end_pos, _xlpm.pos + _xlpm.count_pos - 1, _xlpm.points_range, INDEX(Puntuacion!$B$2:$B$1000, _xlpm.start_pos):INDEX(Puntuacion!$B$2:$B$1000, _xlpm.end_pos), AVERAGE(_xlpm.points_range) ) -> 130
B14: =COUNTIFS($F$3:$F$982,"<"&$F14)+1 -> 12 | C14: J. Pizarro | D14: Caballeros | E14: Jesús Pizarro Gonzálvez | F14: 4 | G14: =_xlfn.LET( _xlpm.pos, B14, _xlpm.count_pos, COUNTIF($B$2:$B$993, _xlpm.pos), _xlpm.start_pos, _xlpm.pos, _xlpm.end_pos, _xlpm.pos + _xlpm.count_pos - 1, _xlpm.points_range, INDEX(Puntuacion!$B$2:$B$1000, _xlpm.start_pos):INDEX(Puntuacion!$B$2:$B$1000, _xlpm.end_pos), AVERAGE(_xlpm.points_range) ) -> 120
B15: =COUNTIFS($F$3:$F$982,"<"&$F15)+1 -> 13 | C15: A. Trallero | D15: Caballeros | E15: Alex Trallero Domec | F15: 5 | G15: =_xlfn.LET( _xlpm.pos, B15, _xlpm.count_pos, COUNTIF($B$2:$B$993, _xlpm.pos), _xlpm.start_pos, _xlpm.pos, _xlpm.end_pos, _xlpm.pos + _xlpm.count_pos - 1, _xlpm.points_range, INDEX(Puntuacion!$B$2:$B$1000, _xlpm.start_pos):INDEX(Puntuacion!$B$2:$B$1000, _xlpm.end_pos), AVERAGE(_xlpm.points_range) ) -> 105
B16: =COUNTIFS($F$3:$F$982,"<"&$F16)+1 -> 13 | C16: B. Reyes | D16: Caballeros | E16: benito reyes gonzalez | F16: 5 | G16: =_xlfn.LET( _xlpm.pos, B16, _xlpm.count_pos, COUNTIF($B$2:$B$993, _xlpm.pos), _xlpm.start_pos, _xlpm.pos, _xlpm.end_pos, _xlpm.pos + _xlpm.count_pos - 1, _xlpm.points_range, INDEX(Puntuacion!$B$2:$B$1000, _xlpm.start_pos):INDEX(Puntuacion!$B$2:$B$1000, _xlpm.end_pos), AVERAGE(_xlpm.points_range) ) -> 105
B17: =COUNTIFS($F$3:$F$982,"<"&$F17)+1 -> 15 | C17: F. Guillamón | D17: Senior 45 + | E17: Fernando Martínez Guillamón | F17: 7 | G17: =_xlfn.LET( _xlpm.pos, B17, _xlpm.count_pos, COUNTIF($B$2:$B$993, _xlpm.pos), _xlpm.start_pos, _xlpm.pos, _xlpm.end_pos, _xlpm.pos + _xlpm.count_pos - 1, _xlpm.points_range, INDEX(Puntuacion!$B$2:$B$1000, _xlpm.start_pos):INDEX(Puntuacion!$B$2:$B$1000, _xlpm.end_pos), AVERAGE(_xlpm.points_range) ) -> 95
B18: =COUNTIFS($F$3:$F$982,"<"&$F18)+1 -> 16 | C18: D. Tellez | D18: Caballeros | E18: David Tellez Viana | F18: 10 | G18: =_xlfn.LET( _xlpm.pos, B18, _xlpm.count_pos, COUNTIF($B$2:$B$993, _xlpm.pos), _xlpm.start_pos, _xlpm.pos, _xlpm.end_pos, _xlpm.pos + _xlpm.count_pos - 1, _xlpm.points_range, INDEX(Puntuacion!$B$2:$B$1000, _xlpm.start_pos):INDEX(Puntuacion!$B$2:$B$1000, _xlpm.end_pos), AVERAGE(_xlpm.points_range) ) -> 87.5
... B25: =COUNTIFS($F$3:$F$982,"<"&$F25)+1 -> 22 | C25: G. Moya | D25: Senior 45 + | E25: Guillem Moya Niubó | F25: 18 | G25: =_xlfn.LET( _xlpm.pos, B25, _xlpm.count_pos, COUNTIF($B$2:$B$993, _xlpm.pos), _xlpm.start_pos, _xlpm.pos, _xlpm.end_pos, _xlpm.pos + _xlpm.count_pos - 1, _xlpm.points_range, INDEX(Puntuacion!$B$2:$B$1000, _xlpm.start_pos):INDEX(Puntuacion!$B$2:$B$1000, _xlpm.end_pos), AVERAGE(_xlpm.points_range) ) -> 62

Sheet Etapa 4 Senior
B2: Posicion | C2: FOOTGOLFER NICKNAME | D2: CATEGORÍA INSCRITA | E2: FOOTGOLFER NOMBRE_COMPLETO | F2: TPAR | G2: Puntos
B3: =COUNTIFS($F$3:$F$965,"<"&$F3)+1 -> 1 | C3: O. Tressens | D3: Senior 45 + | E3: Olivier Tressens | F3: -2 | G3: =_xlfn.LET( _xlpm.pos, B3, _xlpm.count_pos, COUNTIF($B$2:$B$976, _xlpm.pos), _xlpm.start_pos, _xlpm.pos, _xlpm.end_pos, _xlpm.pos + _xlpm.count_pos - 1, _xlpm.points_range, INDEX(Puntuacion!$B$2:$B$1000, _xlpm.start_pos):INDEX(Puntuacion!$B$2:$B$1000, _xlpm.end_pos), AVERAGE(_xlpm.points_range) ) -> 250
B4: =COUNTIFS($F$3:$F$965,"<"&$F4)+1 -> 2 | C4: D. Linares | D4: Senior 45 + | E4: David Linares Ramos | F4: 0 | G4: =_xlfn.LET( _xlpm.pos, B4, _xlpm.count_pos, COUNTIF($B$2:$B$976, _xlpm.pos), _xlpm.start_pos, _xlpm.pos, _xlpm.end_pos, _xlpm.pos + _xlpm.count_pos - 1, _xlpm.points_range, INDEX(Puntuacion!$B$2:$B$1000, _xlpm.start_pos):INDEX(Puntuacion!$B$2:$B$1000, _xlpm.end_pos), AVERAGE(_xlpm.points_range) ) -> 230
